{
    "targets": [
        "swap",
        "final",
        "previous"
    ],
    "passes": [
        {
            "name": "zawarudo",
            "intarget": "minecraft:main",
            "auxtargets": [{"name": "PrevSampler", "id": "previous"}],
            "outtarget": "swap"
        },
        {
            "name": "blit",
            "intarget": "swap",
            "outtarget": "previous"
        },
        {
            "name": "blit",
            "intarget": "swap",
            "outtarget": "final"
        }
    ]
}
