{  
   "name":{  
      "translate":"acupack.suitset.theholder"
   },
   "armor_material":{  
      "durability":1000,
      "damage_reduction_amounts":[  
         4,
         8,
         6,
         3
      ],
      "enchantibility":15,
      "toughness":4.0,
      "sound":"item.armor.equip_generic"
   },
   "abilities":[  
      {  
         "ability":"lucraftcore:fire_resistance",
         "key":3
      },
      {  
         "ability":"lucraftcore:healing",
         "frequency":5,
         "amount":5
      },
      {  
         "ability":"lucraftcore:strength",
         "factor":5,
         "operation":0,
         "uuid":"dd320d4d-9af3-486d-91b4-0b3999db37ed"
      },
      {  
         "ability":"lucraftcore:sprint",
         "factor":2,
         "operation":0,
         "uuid":"5147dd84-281d-49e1-8338-42876dad5810"
      },
      {  
         "ability":"lucraftcore:jump_boost",
         "factor":3,
         "operation":0,
         "uuid":"ad657c50-0a11-43b1-ad51-85b78ac58a69"
      },
      {  
         "ability":"lucraftcore:energy_blast",
         "cooldown":25,
         "damage":50,
         "color":[  
            0.0,
            1.0,
            0.0
         ],
         "key":2
      },
      {  
         "ability":"lucraftcore:flight",
         "key":1
      }
   ],
   "armor_parts":{  
      "head":{  
         "openable":true,
         "glow":false,
         "armor_model_scale":0.5,
         "name":{  
            "translate":"acupack.suitset.theholder.head"
         },
         "textures":{  
            "normal":"acupack:textures/models/armor/theholder/head.png",
            "normal_open":"acupack:textures/models/armor/theholder/head_open.png"
         },
         "item_texture":{  
            "blockstate":"acupack:theholder"
         }
      },
      "chest":{  
         "openable":false,
         "glow":false,
         "armor_model_scale":0.22,
         "name":{  
            "translate":"acupack.suitset.theholder.chest"
         },
         "textures":{  
            "normal":"acupack:textures/models/armor/theholder/chest.png",
            "normal_smallarms":"acupack:textures/models/armor/theholder/chest_smallarms.png"
         },
         "item_texture":{  
            "blockstate":"acupack:theholder"
         }
      },
      "legs":{  
         "openable":false,
         "glow":false,
         "armor_model_scale":0.25,
         "name":{  
            "translate":"acupack.suitset.theholder.legs"
         },
         "textures":{  
            "normal":"acupack:textures/models/armor/theholder/legs.png"
         },
         "item_texture":{  
            "blockstate":"acupack:theholder"
         }
      },
      "feet":{  
         "openable":false,
         "glow":false,
         "armor_model_scale":0.22,
         "name":{  
            "translate":"acupack.suitset.theholder.boots"
         },
         "textures":{  
            "normal":"acupack:textures/models/armor/theholder/boots.png"
         },
         "item_texture":{  
            "blockstate":"acupack:theholder"
         }
      }
   }
}