{
  "name": {
    "translate": "ironman.suit.mark_17.name"
  },
  "textures": {
    "normal": "ironman:textures/models/suits/mark_17/suit.png",
    "glow": "ironman:textures/models/suits/mark_17/suit_glow.png"
  },
  "parts": {
    "helmet": {
      "enabled": true,
      "durability": 400,
      "damage_reduction": 3.5
    },
    "faceplate": {
      "enabled": true,
      "hud": true,
      "durability": 400,
      "damage_reduction": 3.5
    },
    "chest": {
      "enabled": true,
      "durability": 1000,
      "damage_reduction": 5.5
    },
    "right_arm": {
      "enabled": true,
      "durability": 700,
      "damage_reduction": 4.5,
      "horizontal_flying_speed": 1.2
    },
    "left_arm": {
      "enabled": true,
      "durability": 700,
      "damage_reduction": 4.5,
      "horizontal_flying_speed": 1.2
    },
    "right_leg": {
      "enabled": true,
      "durability": 700,
      "damage_reduction": 4.5,
      "vertical_flying_speed": 1.5
    },
    "left_leg": {
      "enabled": true,
      "durability": 700,
      "damage_reduction": 4.5,
      "vertical_flying_speed": 1.5
    }
  }
}