{
  "name": {
    "translate": "ironman.suit.mark_46.name"
  },
  "textures": {
    "normal": "ironman:textures/models/suits/mark_46/suit.png",
    "glow": "ironman:textures/models/suits/mark_46/suit_glow.png"
  },
  "parts": {
    "helmet": {
      "enabled": true,
      "durability": 600,
      "damage_reduction": 4.0
    },
    "faceplate": {
      "enabled": true,
      "hud": true,
      "durability": 600,
      "damage_reduction": 4.0
    },
    "chest": {
      "enabled": true,
      "durability": 1200,
      "damage_reduction": 6.0
    },
    "right_arm": {
      "enabled": true,
      "durability": 900,
      "damage_reduction": 5,
      "horizontal_flying_speed": 1.43
    },
    "left_arm": {
      "enabled": true,
      "durability": 900,
      "damage_reduction": 5,
      "horizontal_flying_speed": 1.43
    },
    "right_leg": {
      "enabled": true,
      "durability": 900,
      "damage_reduction": 5,
      "vertical_flying_speed": 1.65
    },
    "left_leg": {
      "enabled": true,
      "durability": 900,
      "damage_reduction": 5,
      "vertical_flying_speed": 1.65
    }
  }
}