{
  "name": {
    "translate": "ironman.suit.mark_48.name"
  },
  "textures": {
    "normal": "ironman:textures/models/suits/mark_48/suit.png",
    "glow": "ironman:textures/models/suits/mark_48/suit_glow.png"
  },
  "parts": {
    "helmet": {
      "enabled": true,
      "durability": 600,
      "damage_reduction": 5.0
    },
    "faceplate": {
      "enabled": true,
      "hud": true,
      "durability": 600,
      "damage_reduction": 5.0
    },
    "chest": {
      "enabled": true,
      "durability": 1200,
      "damage_reduction": 7.0
    },
    "right_arm": {
      "enabled": true,
      "durability": 900,
      "damage_reduction": 6,
      "horizontal_flying_speed": 1.8
    },
    "left_arm": {
      "enabled": true,
      "durability": 900,
      "damage_reduction": 6,
      "horizontal_flying_speed": 1.8
    },
    "right_leg": {
      "enabled": true,
      "durability": 900,
      "damage_reduction": 6,
      "vertical_flying_speed": 1.7
    },
    "left_leg": {
      "enabled": true,
      "durability": 900,
      "damage_reduction": 6,
      "vertical_flying_speed": 1.7
    }
  }
}