{
  "name": {
    "translate": "ironman.suit.superior.name"
  },
  "textures": {
    "normal": "ironman:textures/models/suits/superior/suit.png",
    "glow": "ironman:textures/models/suits/superior/suit_glow.png"
  },
  "parts": {
    "helmet": {
      "enabled": true,
      "durability": 600,
      "damage_reduction": 6.0
    },
    "faceplate": {
      "enabled": true,
      "hud": true,
      "durability": 600,
      "damage_reduction": 6.0
    },
    "chest": {
      "enabled": true,
      "durability": 1200,
      "damage_reduction": 9.0
    },
    "right_arm": {
      "enabled": true,
      "durability": 900,
      "damage_reduction": 6,
      "horizontal_flying_speed": 2.0
    },
    "left_arm": {
      "enabled": true,
      "durability": 900,
      "damage_reduction": 6,
      "horizontal_flying_speed": 2.0
    },
    "right_leg": {
      "enabled": true,
      "durability": 900,
      "damage_reduction": 6,
      "vertical_flying_speed": 2.0
    },
    "left_leg": {
      "enabled": true,
      "durability": 900,
      "damage_reduction": 6,
      "vertical_flying_speed": 2.0
    }
  }
}