{
	"name": {
		"translate": "suumpack.suitset.antman_suit"
	},

	"armor_material": {
		"durability": 1000,
		"damage_reduction_amounts": [3, 6, 8, 3],
		"enchantibility": 15,
		"toughness": 0.0,
		"sound": "item.armor.equip_generic"
	},
	
	"creative_tab": "suumpack",

	"description": {
		"translate": "suumpack.suitset.antman.desc"
	},

	"abilities": [{
			"ability": "lucraftcore:fire_resistance"
		},
		{
			"ability": "lucraftcore:healing",
			"frequency": 20,
			"amount": 5
		},
		{
			"ability": "lucraftcore:size_change",
            "size": 0.1
		},
		{
			"ability": "lucraftcore:size_change",
            "size": 3
		}
	],

	"armor_parts": {

		"head": {
			"openable": false,
			"glow": false,
			"armor_model_scale": 0.5,
			"name": {
				"translate": "suumpack.suitset.antman.head"
			},
			"textures": {
				"normal": "suumpack:textures/models/armor/antman/helmet.png"
			},
			"item_texture": {
				"blockstate": "suumpack:antman_suit"
			}
		},

		"chest": {
			"openable": false,
			"glow": false,
			"armor_model_scale": 0.252,
			"name": {
				"translate": "suumpack.suitset.antman.chestplate"
			},
			"textures": {
				"normal": "suumpack:textures/models/armor/antman/chestplate.png",
				"normal_smallarms": "suumpack:textures/models/armor/antman/chestplate_smallarms.png"
			},
			"item_texture": {
				"blockstate": "suumpack:antman_suit"
			}
		},

		"legs": {
			"openable": false,
			"glow": false,
			"armor_model_scale": 0.25,
			"name": {
				"translate": "suumpack.suitset.antman.legs"
			},
			"textures": {
				"normal": "suumpack:textures/models/armor/antman/legs.png"
			},
			"item_texture": {
				"blockstate": "suumpack:antman_suit"
			}
		},

		"feet": {
			"openable": false,
			"glow": false,
			"armor_model_scale": 0.252,
			"name": {
				"translate": "suumpack.suitset.antman.boots"
			},
			"textures": {
				"normal": "suumpack:textures/models/armor/antman/boots.png"
			},
			"item_texture": {
				"blockstate": "suumpack:antman_suit"
			}
		}
	}
}