{
	"name": {
		"translate": "suumpack.suitset.captainamericaa4"
	},
	
	"description": {
		"translate": "suumpack.suitset.captainamericaa4.desc"
	},

	"armor_material": {
		"durability": 15,
		"damage_reduction_amounts": [2, 5, 6, 2],
		"enchantibility": 9,
		"toughness": 0.0,
		"sound": "item.armor.equip_iron"
	},
	
	"creative_tab": "suumpack",
	
	"armor_parts": {
	
		"head": {
			"openable": true,
			"glow": false,
			"armor_model_scale": 0.2,
			"name": {
				"translate": "suumpack.suitset.captainamericaa4.head"
			},
			"textures": {
				"normal": "suumpack:textures/models/armor/captainamericaa4/helmet.png",
				"normal_open": "suumpack:textures/models/armor/captainamericaa4/helmet_open.png"
			},
			"item_texture": {
				"blockstate": "suumpack:captainamericaa4_suit"
			}
		},
		
		"chest": {
			"openable": false,
			"glow": false,
			"armor_model_scale": 0.2,
			"name": {
				"translate": "suumpack.suitset.captainamericaa4.chestplate"
			},
			"textures": {
				"normal": "suumpack:textures/models/armor/captainamericaa4/chestplate.png",
				"normal_smallarms": "suumpack:textures/models/armor/captainamericaa4/chestplate_smallarms.png"
			},
			"item_texture": {
				"blockstate": "suumpack:captainamericaa4_suit"
			}
		},
		
		"legs": {
			"openable": false,
			"glow": false,
			"armor_model_scale": 0.2,
			"name": {
				"translate": "suumpack.suitset.captainamericaa4.legs"
			},
			"textures": {
				"normal": "suumpack:textures/models/armor/captainamericaa4/legs.png"
			},
			"item_texture": {
				"blockstate": "suumpack:captainamericaa4_suit"
			}
		},
		
		"feet": {
			"openable": false,
			"glow": false,
			"armor_model_scale": 0.2,
			"name": {
				"translate": "suumpack.suitset.captainamericaa4.boots"
			},
			"textures": {
				"normal": "suumpack:textures/models/armor/captainamericaa4/boots.png"
			},
			"item_texture": {
				"blockstate": "suumpack:captainamericaa4_suit"
			}
		}
	}
}