{
	"name": {
		"translate": "suumpack.suitset.captainamericacomic"
	},
	
	"description": {
		"translate": "suumpack.suitset.captainamericacomic.desc"
	},

	"armor_material": {
		"durability": 15,
		"damage_reduction_amounts": [2, 5, 6, 2],
		"enchantibility": 9,
		"toughness": 0.0,
		"sound": "item.armor.equip_iron"
	},
	
	"creative_tab": "suumpack",
	
	"armor_parts": {
	
		"head": {
			"openable": true,
			"glow": false,
			"armor_model_scale": 0.5,
			"name": {
				"translate": "suumpack.suitset.captainamericacomic.head"
			},
			"textures": {
				"normal": "suumpack:textures/models/armor/captainamericacomic/helmet.png",
				"normal_open": "suumpack:textures/models/armor/captainamericacomic/helmet_open.png"
			},
			"item_texture": {
				"blockstate": "suumpack:captainamericacomic_suit"
			}
		},
		
		"chest": {
			"openable": false,
			"glow": false,
			"armor_model_scale": 0.252,
			"name": {
				"translate": "suumpack.suitset.captainamericacomic.chestplate"
			},
			"textures": {
				"normal": "suumpack:textures/models/armor/captainamericacomic/chestplate.png",
				"normal_smallarms": "suumpack:textures/models/armor/captainamericacomic/chestplate_smallarms.png"
			},
			"item_texture": {
				"blockstate": "suumpack:captainamericacomic_suit"
			}
		},
		
		"legs": {
			"openable": false,
			"glow": false,
			"armor_model_scale": 0.25,
			"name": {
				"translate": "suumpack.suitset.captainamericacomic.legs"
			},
			"textures": {
				"normal": "suumpack:textures/models/armor/captainamericacomic/legs.png"
			},
			"item_texture": {
				"blockstate": "suumpack:captainamericacomic_suit"
			}
		},
		
		"feet": {
			"openable": false,
			"glow": false,
			"armor_model_scale": 0.252,
			"name": {
				"translate": "suumpack.suitset.captainamericacomic.boots"
			},
			"textures": {
				"normal": "suumpack:textures/models/armor/captainamericacomic/boots.png"
			},
			"item_texture": {
				"blockstate": "suumpack:captainamericacomic_suit"
			}
		}
	}
}