{
	"name": {
		"translate": "suumpack.suitset.ironmanmodel29"
	},
	
	"description": {
		"translate": "suumpack.suitset.ironmanmodel29.desc"
	},

		"abilities": [{
			"ability": "lucraftcore:fire_resistance"
		},
		{
			"ability": "lucraftcore:tough_lungs"                   
	    },
		{
			"ability": "lucraftcore:flight",
			"speed": 5,
			"rotate_arms": false
	    },
		{
		    "ability": "lucraftcore:energy_blast",
			"cooldown": 0,
            "damage": 5,
            "color": [1.0, 1.0, 0.0]
		}
	],
	
	"armor_material": {
		"durability": 10000000000000000000000000000,
		"damage_reduction_amounts": [3, 5, 6, 2],
		"enchantibility": 9,
		"toughness": 0.0,
		"sound": "item.armor.equip_iron"
	},
	
	"creative_tab": "suumpack",
	
	"armor_parts": {
	
		"head": {
			"openable": true,
			"glow": false,
			"armor_model_scale": 0.5,
			"name": {
				"translate": "suumpack.suitset.ironmanmodel29.head"
			},
			"textures": {
				"normal": "suumpack:textures/models/armor/ironmanmodel29/helmet.png",
				"normal_open": "suumpack:textures/models/armor/ironmanmodel29/helmet_open.png"
			},
			"item_texture": {
				"blockstate": "suumpack:ironmanmodel29_suit"
			}
		},
		
		"chest": {
			"openable": false,
			"glow": false,
			"armor_model_scale": 0.252,
			"name": {
				"translate": "suumpack.suitset.ironmanmodel29.chestplate"
			},
			"textures": {
				"normal": "suumpack:textures/models/armor/ironmanmodel29/chestplate.png",
				"normal_smallarms": "suumpack:textures/models/armor/ironmanmodel29/chestplate_smallarms.png"
			},
			"item_texture": {
				"blockstate": "suumpack:ironmanmodel29_suit"
			}
		},
		
		"legs": {
			"openable": false,
			"glow": false,
			"armor_model_scale": 0.25,
			"name": {
				"translate": "suumpack.suitset.ironmanmodel29.legs"
			},
			"textures": {
				"normal": "suumpack:textures/models/armor/ironmanmodel29/legs.png"
			},
			"item_texture": {
				"blockstate": "suumpack:ironmanmodel29_suit"
			}
		},
		
		"feet": {
			"openable": false,
			"glow": false,
			"armor_model_scale": 0.252,
			"name": {
				"translate": "suumpack.suitset.ironmanmodel29.boots"
			},
			"textures": {
				"normal": "suumpack:textures/models/armor/ironmanmodel29/boots.png"
			},
			"item_texture": {
				"blockstate": "suumpack:ironmanmodel29_suit"
			}
		}
	}
}