{
	"name": {
		"translate": "suumpack.suitset.spidermanfarfromhome"
	},
	
	"description": {
		"translate": "suumpack.suitset.spidermanfarfromhome.desc"
	},

		"abilities": [{
			"ability": "heroesexpansion:web_wings"
		},
		{
		    "ability": "lucraftcore:fire_resistance"
		}
	],

	"armor_material": {
		"durability": 15,
		"damage_reduction_amounts": [2, 5, 6, 2],
		"enchantibility": 9,
		"toughness": 0.0,
		"sound": "item.armor.equip_iron"
	},
	
	"creative_tab": "suumpack",
	
	"armor_parts": {
	
		"head": {
			"openable": true,
			"glow": false,
			"armor_model_scale": 0.5,
			"name": {
				"translate": "suumpack.suitset.spidermanfarfromhome.head"
			},
			"textures": {
				"normal": "suumpack:textures/models/armor/spidermanfarfromhome/helmet.png",
				"normal_open": "suumpack:textures/models/armor/spidermanfarfromhome/helmet_open.png"
			},
			"item_texture": {
				"blockstate": "suumpack:spidermanfarfromhome_suit"
			}
		},
		
		"chest": {
			"openable": false,
			"glow": false,
			"armor_model_scale": 0.252,
			"name": {
				"translate": "suumpack.suitset.spidermanfarfromhome.chestplate"
			},
			"textures": {
				"normal": "suumpack:textures/models/armor/spidermanfarfromhome/chestplate.png",
				"normal_smallarms": "suumpack:textures/models/armor/spidermanfarfromhome/chestplate_smallarms.png"
			},
			"item_texture": {
				"blockstate": "suumpack:spidermanfarfromhome_suit"
			}
		},
		
		"legs": {
			"openable": false,
			"glow": false,
			"armor_model_scale": 0.25,
			"name": {
				"translate": "suumpack.suitset.spidermanfarfromhome.legs"
			},
			"textures": {
				"normal": "suumpack:textures/models/armor/spidermanfarfromhome/legs.png"
			},
			"item_texture": {
				"blockstate": "suumpack:spidermanfarfromhome_suit"
			}
		},
		
		"feet": {
			"openable": false,
			"glow": false,
			"armor_model_scale": 0.252,
			"name": {
				"translate": "suumpack.suitset.spidermanfarfromhome.boots"
			},
			"textures": {
				"normal": "suumpack:textures/models/armor/spidermanfarfromhome/boots.png"
			},
			"item_texture": {
				"blockstate": "suumpack:spidermanfarfromhome_suit"
			}
		}
	}
}