{
	"name": {
		"translate": "suumpack.suitset.spidermaniw"
	},

	"description": {
		"translate": "suumpack.suitset.spidermaniw.desc"
	},

	"abilities": [{
			"ability": "lucraftcore:fire_resistance"
		},
		{
			"ability": "lucraftcore:tough_lungs"
		}
	],

	"armor_material": {
		"durability": 15,
		"damage_reduction_amounts": [2, 5, 6, 2],
		"enchantibility": 9,
		"toughness": 0.0,
		"sound": "item.armor.equip_iron"
	},

	"creative_tab": "suumpack",

	"armor_parts": {

		"head": {
			"openable": true,
			"glow": true,
			"armor_model_scale": 0.5,
			"name": {
				"translate": "suumpack.suitset.spidermaniw.head"
			},
			"textures": {
				"normal": "suumpack:textures/models/armor/spidermaniw/helmet.png",
				"normal_open": "suumpack:textures/models/armor/spidermaniw/helmet_open.png",
				"glow": "suumpack:textures/models/armor/spidermaniw/helmet_lights.png",
				"glow_open": "suumpack:textures/models/armor/spidermaniw/helmet_open_lights.png"
			},
			"item_texture": {
				"blockstate": "suumpack:spidermaniw_suit"
			}
		},

		"chest": {
			"openable": false,
			"glow": false,
			"armor_model_scale": 0.252,
			"name": {
				"translate": "suumpack.suitset.spidermaniw.chestplate"
			},
			"textures": {
				"normal": "suumpack:textures/models/armor/spidermaniw/chestplate.png",
				"normal_smallarms": "suumpack:textures/models/armor/spidermaniw/chestplate_smallarms.png"
			},
			"item_texture": {
				"blockstate": "suumpack:spidermaniw_suit"
			}
		},

		"legs": {
			"openable": false,
			"glow": false,
			"armor_model_scale": 0.25,
			"name": {
				"translate": "suumpack.suitset.spidermaniw.legs"
			},
			"textures": {
				"normal": "suumpack:textures/models/armor/spidermaniw/legs.png"
			},
			"item_texture": {
				"blockstate": "suumpack:spidermaniw_suit"
			}
		},

		"feet": {
			"openable": false,
			"glow": false,
			"armor_model_scale": 0.252,
			"name": {
				"translate": "suumpack.suitset.spidermaniw.boots"
			},
			"textures": {
				"normal": "suumpack:textures/models/armor/spidermaniw/boots.png"
			},
			"item_texture": {
				"blockstate": "suumpack:spidermaniw_suit"
			}
		}
	}
}