{
	"name": {
		"translate": "suumpack.suitset.thorcomic"
	},
	
	"description": {
		"translate": "suumpack.suitset.thorcomic.desc"
	},

	"armor_material": {
		"durability": 15,
		"damage_reduction_amounts": [2, 5, 6, 2],
		"enchantibility": 9,
		"toughness": 0.0,
		"sound": "item.armor.equip_iron"
	},
	
	"creative_tab": "suumpack",
	
	"armor_parts": {
		"chest": {
			"openable": false,
			"glow": false,
			"armor_model_scale": 0.252,
			"name": {
				"translate": "suumpack.suitset.thorcomic.chestplate"
			},
			"textures": {
				"normal": "suumpack:textures/models/armor/thorcomic/chestplate.png",
				"normal_smallarms": "suumpack:textures/models/armor/thorcomic/chestplate_smallarms.png"
			},
			"item_texture": {
				"blockstate": "suumpack:thorcomic_suit"
			}
		},
		
		"legs": {
			"openable": false,
			"glow": false,
			"armor_model_scale": 0.25,
			"name": {
				"translate": "suumpack.suitset.thorcomic.legs"
			},
			"textures": {
				"normal": "suumpack:textures/models/armor/thorcomic/legs.png"
			},
			"item_texture": {
				"blockstate": "suumpack:thorcomic_suit"
			}
		},
		
		"feet": {
			"openable": false,
			"glow": false,
			"armor_model_scale": 0.252,
			"name": {
				"translate": "suumpack.suitset.thorcomic.boots"
			},
			"textures": {
				"normal": "suumpack:textures/models/armor/thorcomic/boots.png"
			},
			"item_texture": {
				"blockstate": "suumpack:thorcomic_suit"
			}
		}
	}
}