{
	"parent": "heroesexpansion:falcon",
	
	"name": {
		"translate": "suumpack.suitset.vulture"
	},
	
	"description": {
		"translate": "suumpack.suitset.vulture.desc"
	},

	"armor_material": {
		"durability": 15,
		"damage_reduction_amounts": [2, 5, 6, 2],
		"enchantibility": 9,
		"toughness": 0.0,
		"sound": "item.armor.equip_iron"
	},
	
	"creative_tab": "suumpack",
	
	"data": {
		"wing_texture": "suumpack:textures/models/armor/vulture/wings.png"
	},
	
	"armor_parts": {
	
		"head": {
			"openable": true,
			"glow": true,
			"armor_model_scale": 0.5,
			"name": {
				"translate": "suumpack.suitset.vulture.head"
			},
			"textures": {
				"normal": "suumpack:textures/models/armor/vulture/helmet.png",
				"normal_open": "suumpack:textures/models/armor/vulture/helmet_open.png",
				"glow": "suumpack:textures/models/armor/vulture/helmet_lights.png",
				"glow_open": "suumpack:textures/models/armor/vulture/helmet_open_lights.png"
			},
			"item_texture": {
				"blockstate": "suumpack:vulture_suit"
			}
		},
		
		"chest": {
			"openable": false,
			"glow": false,
			"armor_model_scale": 0.252,
			"name": {
				"translate": "suumpack.suitset.vulture.chestplate"
			},
			"textures": {
				"normal": "suumpack:textures/models/armor/vulture/chestplate.png",
				"normal_smallarms": "suumpack:textures/models/armor/vulture/chestplate_smallarms.png"
			},
			"item_texture": {
				"blockstate": "suumpack:vulture_suit"
			}
		},
		
		"legs": {
			"openable": false,
			"glow": false,
			"armor_model_scale": 0.25,
			"name": {
				"translate": "suumpack.suitset.vulture.legs"
			},
			"textures": {
				"normal": "suumpack:textures/models/armor/vulture/legs.png"
			},
			"item_texture": {
				"blockstate": "suumpack:vulture_suit"
			}
		},
		
		"feet": {
			"openable": false,
			"glow": false,
			"armor_model_scale": 0.252,
			"name": {
				"translate": "suumpack.suitset.vulture.boots"
			},
			"textures": {
				"normal": "suumpack:textures/models/armor/vulture/boots.png"
			},
			"item_texture": {
				"blockstate": "suumpack:vulture_suit"
			}
		}
	}
}