{
	"parent": "heroesexpansion:falcon",
	
	"name": {
		"translate": "suumpack.suitset.vulture_wings"
	},
	
	"description": {
		"translate": "suumpack.suitset.vulture_wings.desc"
	},

	"armor_material": {
		"durability": 15,
		"damage_reduction_amounts": [2, 5, 6, 2],
		"enchantibility": 9,
		"toughness": 0.0,
		"sound": "item.armor.equip_iron"
	},
	
	"creative_tab": "suumpack",
	
	"data": {
		"wing_texture": "suumpack:textures/models/armor/vulture/wings.png"
	},
	
	"armor_parts": {
		
		"chest": {
			"openable": false,
			"glow": false,
			"armor_model_scale": 0.252,
			"name": {
				"translate": "suumpack.suitset.vulture_wings.chestplate"
			},
			"textures": {
				"normal": "suumpack:textures/models/armor/vulture_wings/chestplate.png",
				"normal_smallarms": "suumpack:textures/models/armor/vulture_wings/chestplate_smallarms.png"
			},
			"item_texture": {
				"blockstate": "suumpack:vulture_wings_suit"
			}
		}
	}
}