{
	"name": {
		"translate": "suumpack.suitset.wasp_suit"
	},

	"armor_material": {
		"durability": 1000,
		"damage_reduction_amounts": [3, 6, 8, 3],
		"enchantibility": 15,
		"toughness": 0.0,
		"sound": "item.armor.equip_generic"
	},
	
	"creative_tab": "suumpack",

	"description": {
		"translate": "suumpack.suitset.wasp.desc"
	},

	"abilities": [{
			"ability": "lucraftcore:fire_resistance"
		},
		{
			"ability": "lucraftcore:size_change",
            "size": 0.1
		},
		{
			"ability": "lucraftcore:flight",
			"speed": 4,
			"rotate_arms": false			
	    },
		{
		    "ability": "lucraftcore:energy_blast",
			"cooldown": 0,
            "damage": 5,
            "color": [1.0, 1.0, 0.0]
		}
	],

	"armor_parts": {

		"head": {
			"openable": false,
			"glow": false,
			"armor_model_scale": 0.5,
			"name": {
				"translate": "suumpack.suitset.wasp.head"
			},
			"textures": {
				"normal": "suumpack:textures/models/armor/wasp/helmet.png"
			},
			"item_texture": {
				"blockstate": "suumpack:wasp_suit"
			}
		},

		"chest": {
			"openable": false,
			"glow": false,
			"armor_model_scale": 0.22,
			"name": {
				"translate": "suumpack.suitset.wasp.chestplate"
			},
			"textures": {
				"normal": "suumpack:textures/models/armor/wasp/chestplate.png",
				"normal_smallarms": "suumpack:textures/models/armor/wasp/chestplate_smallarms.png"
			},
			"item_texture": {
				"blockstate": "suumpack:wasp_suit"
			}
		},

		"legs": {
			"openable": false,
			"glow": false,
			"armor_model_scale": 0.25,
			"name": {
				"translate": "suumpack.suitset.wasp.legs"
			},
			"textures": {
				"normal": "suumpack:textures/models/armor/wasp/legs.png"
			},
			"item_texture": {
				"blockstate": "suumpack:wasp_suit"
			}
		},

		"feet": {
			"openable": false,
			"glow": false,
			"armor_model_scale": 0.252,
			"name": {
				"translate": "suumpack.suitset.wasp.boots"
			},
			"textures": {
				"normal": "suumpack:textures/models/armor/wasp/boots.png"
			},
			"item_texture": {
				"blockstate": "suumpack:wasp_suit"
			}
		}
	}
}