{
	"parent": "heroesexpansion:black_panther",
	
	"name": {
		"text": "Martian Manhunter"
	},
	
	"description": {
		"text": "CW"
	},

	"creative_tab": "compressedsuits",
	
	"armor_material": {
		"durability": 33,
		"damage_reduction_amounts": [3, 6, 8, 3],
		"enchantibility": 10,
		"toughness": 2.0,
		"sound": "item.armor.equip_diamond"
	},
	
	"effects": [
		{
			"type": "name_change",
			"name": {
				"text": "Martian Manhunter"
			},
			"conditions": [
				{
					"type": "open_armor",
					"slot": "chest"
				}
			]
		}
	],
	
	"data": {
		"transition_color_1": {
			"red": 82,
			"green": 82,
			"blue": 82
		},
		"transition_color_2": {
			"red": 0,
			"green": 200,
			"blue": 0
		},
		"necklace_texture": "compressedsuits:textures/models/general.png"
	},
	
	"abilities": [
		{
			"ability": "lucraftcore:strength",
			"uuid": "167ca886-53ed-43f9-ba6c-02a1a7d492e6",
			"factor": 5,
			"operation": 2
		},
		{
			"ability": "lucraftcore:fire_resistance"
		},
		{
			"ability": "lucraftcore:jump_boost",
			"factor": 2,
			"operation": 0,
			"uuid": "2145e01b-30bf-434d-b7e1-994dacc52f19"
		},
		{
			"ability": "lucraftcore:healing",
			"frequency": 10,
			"amount": 5
		},
		{
			"ability": "lucraftcore:fall_resistance",
			"factor": 10,
			"operation": 0,
			"uuid": "b2930a55-fa9d-4124-bb58-2ba3169d1495"
		},
		{
			"ability": "lucraftcore:flight",
			"speed": 2,
			"sprint_speed": 4,
			"rotate_arms": false
		},
		{
			"ability": "lucraftcore:tough_lungs"
		},
		{
			"ability": "lucraftcore:water_breathing"
		},
		{
			"ability": "lucraftcore:knockback_resistance",
			"factor": 10,
			"operation": 0,
			"uuid": "b2930a55-fa9d-4124-bb58-2ba3169d1495"
		},
		{
			"ability": "lucraftcore:punch",
			"factor": 100,
			"operation": 0,
			"uuid": "b2930a55-fa9d-4124-bb58-2ba3169d1495"	
		}
	],
	
	"armor_parts": {
		
		"chest": {
			"openable": true,
			"glow": false,
			"name": {
				"text": "Martian Manhunter"
			},
			"textures": {
				"normal": "compressedsuits:textures/models/martianmanhunter.png"
			},
			"item_texture": {
				"blockstate": "compressedsuits:martianmanhunter"
			}
		}
	}
}