{
	"forge_marker": 1,
	"defaults": {
		"model": "builtin/generated",
		"textures": {
			"layer0": "blocks/dirt"
		},

		"transform": "forge:default-item"
	},

	"variants": {
		
		"chest": [{
			"textures": {
				"layer0": "dragonicpower_pack:items/omega/chestplate"
			}
		}],

		"legs": [{
			"textures": {
				"layer0": "dragonicpower_pack:items/omega/legs"
			}
		}],

		"feet": [{
			"textures": {
				"layer0": "dragonicpower_pack:items/omega/boots"
			}
		}]
	}
}