{
	"parent": "heroesexpansion:black_panther",
	
	"name": {
		"text": "Carnage"
	},

	"description": {
		"text": "Red Goblin"
	},

	"creative_tab": "symbiosis",
	
	"armor_material": {
		"durability": 33,
		"damage_reduction_amounts": [3, 6, 8, 3],
		"enchantibility": 10,
		"toughness": 2.0,
		"sound": "item.armor.equip_diamond"
	},
	
	"data": {
		"transition_color_1": {
			"red": 245,
			"green": 1,
			"blue": 1
		},
		"transition_color_2": {
			"red": 128,
			"green": 2,
			"blue": 2
		},
		"necklace_texture": "symbiosis:textures/models/carnage_open.png"
	},
	
	"abilities": [
		{
			"ability": "lucraftcore:health",
			"uuid": "081fed18-4ec9-468c-96f7-eabb56886427",
			"factor": 2,
			"operation": 2
		},
		{
			"ability": "lucraftcore:strength",
			"uuid": "167ca886-53ed-43f9-ba6c-02a1a7d492e6",
			"factor": 2,
			"operation": 2
		},
		{
			"ability": "lucraftcore:tough_lungs"
		},
		{
			"ability": "lucraftcore:water_breathing"
		},
		{
			"ability": "heroesexpansion:wall_crawling"
		},
		{
			"ability": "heroesexpansion:spider_sense"
		},
		{
			"ability": "speedsterheroes:blade"
		},
		{
			"ability": "lucraftcore:fire_punch",
			"duration": 60
		},
		{
			"ability": "lucraftcore:healing",
			"frequency": 20,
			"amount": 4
		},
		{
			"ability": "lucraftcore:fire_resistance"
		},
		{
			"ability": "heroesexpansion:heat_vision",
			"color": [0.5, 0.0, 0.0]
		}
	],
	
	"armor_parts": {
		
		"chest": {
			"openable": true,
			"glow": false,
			"name": {
				"text": "Carnage Symbiote"
			},
			"textures": {
				"normal": "symbiosis:textures/models/red_goblin.png"
			},
			"item_texture": {
				"blockstate": "symbiosis:red_goblin"
			}
		}
	},
	"effects": [
		{
			"type": "blade",
			"conditions": [
				{
					"type": "ability_enabled",
					"ability": "speedsterheroes:blade"
				}
			]
		},
		{
			"type": "trail",
			"trail_type": "electricity",
			"color": [0.5, 0.0, 0.0],
			"conditions": [
				{
					"type": "always"
				}
			]
		}
	]
}