{
	"parent": "heroesexpansion:black_panther",
	
	"name": {
		"text": "Venom"
	},

	"description": {
		"text": "Symbiote Suit"
	},
	
	"creative_tab": "symbiosis",
	
	"armor_material": {
		"durability": 33,
		"damage_reduction_amounts": [3, 6, 8, 3],
		"enchantibility": 10,
		"toughness": 2.0,
		"sound": "item.armor.equip_diamond"
	},
	
	"data": {
		"spider_sense": true,
		"transition_color_1": {
			"red": 50,
			"green": 1,
			"blue": 50
		},
		"transition_color_2": {
			"red": 53,
			"green": 53,
			"blue": 53
		},
		"necklace_texture": "symbiosis:textures/models/venom_open.png"
	},
	
	"abilities": [
		{
			"ability": "lucraftcore:health",
			"uuid": "081fed18-4ec9-468c-96f7-eabb56886427",
			"factor": 2,
			"operation": 2
		},
		{
			"ability": "lucraftcore:strength",
			"uuid": "167ca886-53ed-43f9-ba6c-02a1a7d492e6",
			"factor": 2,
			"operation": 2
		},
		{
			"ability": "lucraftcore:tough_lungs"
		},
		{
			"ability": "lucraftcore:water_breathing"
		},
		{
			"ability": "heroesexpansion:wall_crawling"
		},
		{
			"ability": "heroesexpansion:spider_sense"
		},
		{
			"ability": "lucraftcore:healing",
			"frequency": 20,
			"amount": 1
		}
	],
	
	"armor_parts": {
		
		"chest": {
			"openable": true,
			"glow": false,
			"name": {
				"text": "Venom Symbiote"
			},
			"textures": {
				"normal": "symbiosis:textures/models/symbiote_suit.png"
			},
			"item_texture": {
				"blockstate": "symbiosis:symbiote_suit"
			}
		}
	}
}