{
    "name" : {
        "text": "Breacher"
    },


   "icon": {
       "type": "texture",
	   "texture": "dragonicpower_pack:textures/icons/icon_5.png"

   },

   "max_level": 10,

   "capsule_color" : 6427628,

   "abilities": [
		{
	  	   "ability": "lucraftcore:energy_blast",
		   "damage": 25,
		   "color": [0.0, 0.191, 1.0],
		   "key": 1
		},
		{
           "ability": "lucraftcore:potion_punch",
		      "potion": "minecraft:slowness",
              "amplifier": 5,
              "duration": 600,
			  "key": 3
        },
		{
		   "ability": "lucraftcore:teleport",
		      "distance": 100,
			  "cooldown": 25,
			  "key": 2 
		}

	]

}


