{
    "name" : {
        "text": "Endaria"
    },


   "icon": {
       "type": "texture",
       "texture": "dragonicpower_pack:textures/icons/endaria.png"

   },

   "max_level": 10,

   "capsule_color" : 5577355,

   "abilities": [
        {
           "ability": "lucraftcore:teleport",
           "key": 1,
           "distance": 50,
           "cooldown": 25
        },
        {
           "ability": "lucraftcore:energy_blast",
           "cooldown": 25,
           "damage": 25,
           "color": [0.333, 0.101, 0.545],
           "key": 2
        },
        {
           "ability": "lucraftcore:flight",
           "key": 3
        }
    ],
    "effects": [
        
        {
            "type": "flickering",
            "color": [0.490, 0.149, 0.803],
            "use_suit_flicker": false
        }
    ]        
}