{
    "name" : {
        "text": "Fate"
    },


   "icon": {
       "type": "texture",
	   "texture": "dragonicpower_pack:textures/icons/icon.png"

   },

   "max_level": 10,

   "capsule_color" : 16750080,

   "abilities": [
        {
	      "ability": "lucraftcore:fire_resistance",
		  "required_level": 1

		},
		{
		   "ability": "lucraftcore:teleport",
		   "key": 3,
		   "distance": 50,
		   "cooldown": 25
		},
		{
		   "ability": "lucraftcore:energy_blast",
		   "cooldown": 25,
		   "damage": 50,
		   "color": [1.0, 1.0, 0.0],
		   "key": 2
		},
        {
           "ability": "lucraftcore:flight",
		   "key": 1

        }
	],
	"effects": [
		{
			"type": "skin_change",
			"texture": "dragonicpower_pack:textures/models/dr_fate.png"
		},
		{
			"type": "glow",
			"color": [1.0, 1.0, 0.0],
			"size": 1,
			"conditions": [
				{
					"type": "ability_enabled",
					"ability": "lucraftcore:flight"
				}
			]
		}
	]
}


