{
    "name" : {
        "text": "Hadesforce"
    },

    "icon": {
        "type": "texture",
        "texture": "dragonicpower_pack:textures/icons/hadesforce_icon.png"
    },

    "max_level": 1,

    "capsule_color" : 0,

    "effects": [
        {
            "type": "trail",
            "trail_type": "lightnings",
            "color": [0, 192, 255],
            "use_suit_trail": false,
            "conditions": [
                {
                    "type": "moving"
                }
            ]
        }
    ],

    "abilities": [

        {
            "ability": "lucraftcore:teleport",
            "distance": 30,
            "cooldown": 100,
            "key": 1
        },
        {
            "ability": "lucraftcore:strength",
            "factor": 2,
            "operation": 0,
            "uuid": "702a7ad2-0700-4b7f-a46d-6a5790ad8905"
        },
        {
            "ability": "lucraftcore:health",
            "factor": 20,
            "operation": 0,
            "uuid": "702a7ad2-0700-4b7f-a46d-6a5790ad8905"
        }

    ]
}
