{
    "name" : {
        "text": "magic"
    },


   "icon": {
       "type": "texture",
	   "texture": "dragonicpower_pack:textures/icons/icon_2.png"

   },

   "max_level": 10,

   "capsule_color" : 16711790,

   "abilities": [
		{
           "ability": "lucraftcore:flight",
		   "key": 1

        },
		{
	      "ability": "lucraftcore:fire_punch",
		  "cooldown": 25,
		  "damage": 5,
		  "duration": 5,
		  "color": [1.0, 0.0, 1.0],
		  "key": 4
		},
		{
		   "ability": "lucraftcore:energy_blast",
		   "cooldown": 25,
		   "damage": 25,
		   "color": [1.0, 1.0, 0.0],
		   "key": 2
		},
		{
		   "ability": "lucraftcore:teleport",
		   "key": 3,
		   "distance": 50,
		   "cooldown": 15
		}

	]

}


