{
    "name" : {
        "text": "magnet"
    },


   "icon": {
       "type": "texture",
	   "texture": "dragonicpower_pack:textures/icons/icon_4.png"

   },

   "max_level": 10,

   "capsule_color" : 14674400,

   "abilities": [
		{
           "ability": "lucraftcore:flight",
		   "key": 1

        },
		{
	  	   "ability": "lucraftcore:energy_blast",
		   "cooldown": 25,
		   "damage": 25,
		   "color": [0.15, 0.15, 0.15],
		   "key": 2
		},
		{
		   "ability": "lucraftcore:slowfall",
		   "key": 3 
		}
	]
}


