{
	"name" : {
		"text": "Momentum Speed"
	},

	"icon": {
		"type": "texture",
	    "texture":"dragonicpower_pack:textures/icons/momentum.png"
	},
	
	"max_level": 1,
	
	"capsule_color" : 50687,
	
	"abilities": [
		{
			"ability": "lucraftcore:sprint",
			"factor": 2.75,
			"operation": 1,
			"uuid":"c6416af8-04c7-4de7-b06f-d0faeb7142a8"
		},
		{
			"ability": "lucraftcore:strength",
			"factor": 3,
			"operation": 0,
			"uuid": "b1735e93-cf34-4647-9aea-de4c930be5b3"
		},
		{
			"ability": "lucraftcore:health",
			"factor": 10,
			"operation": 0,
			"uuid": "262b8ebb-0e86-46ec-be8b-9c3e48d9944c"
		}
	
	],
	
	"effects": [
		{
			"type": "trail",
			"trail_type": "lightnings",
			"color": [0, 0.772, 1], 
			"use_suit_trails": true
		}
	]
}
