{
	"name" : {
		"text": "Nature Speedforce"
	},

	"icon": {
		"type": "texture",
	    "texture":"dragonicpower_pack:textures/icons/icon_6.png"
	},
	
	"max_level": 1,
	
	"capsule_color" : 65280,
	
	"abilities": [
		{
			"ability": "lucraftcore:sprint",
			"factor": 5,
			"operation": 1,
			"uuid":"2eb2caa9-4094-4c10-b644-2954b0dcba57"
		},
		{
			"ability": "lucraftcore:strength",
			"factor": 3,
			"operation": 0,
			"uuid": "8fc9b32b-a70d-496b-b435-14f3a880bbe8"
		},
		{
			"ability": "lucraftcore:health",
			"factor": 10,
			"operation": 0,
			"uuid": "57e6df5a-b903-4b26-b6aa-1454e5d7818c"
		}
	
	],
	
	"effects": [
		{
			"type": "trail",
			"trail_type": "lightnings",
			"color": [0, 1.0, 0.0], 
			"use_suit_trails": true
		}
	]
}
