{
    "name" : {
        "text": "Omega"
    },


   "icon": {
       "type": "texture",
       "texture": "dragonicpower_pack:textures/icons/omega.png"

   },

   "max_level": 10,

   "capsule_color" : 16753920,

   "abilities": [
        {
           "ability": "lucraftcore:energy_blast",
           "cooldown": 25,
           "damage": 25,
           "color": [1, 0.647, 0],
           "key": 2
        },
        {
           "ability": "lucraftcore:flight",
           "key": 3
        }
    ]       
}