{
    "name" : {
        "text": "shadowdemon"
    },


   "icon": {
       "type": "texture",
       "texture": "dragonicpower_pack:textures/icons/shadowdemon.png"

   },

   "max_level": 10,

   "capsule_color" : 0,
   
   "abilities": [ 
   {
		  "ability": "lucraftcore:healing",
		  "frequency": 5,
		  "amount": 5
		},
		{
		   "ability": "lucraftcore:strength",
		   "factor": 3,
		   "operation": 0,
		   "uuid": "09ce20b6-8c01-4ac5-b1f6-0a2583b4aa8f"
		},
		{
		   "ability": "lucraftcore:energy_blast",
		   "cooldown": 25,
		   "damage": 12.5,
		   "color": [0.59, 0.69, 0.69],
		   "key": 3
		}
	],

   "effects": [
		{
		"type": "glow",
		"color": [0.59, 0.69, 0.69],
		"size": 3
		},
		{
			"type": "skin_change",
			"texture": "dragonicpower_pack:textures/models/shadowdemon.png"
		},	
		{
			"type": "vibrating",
			"conditions": [
				{
					"type": "moving"
				}
			]
		}
	]
}