{
    "name": {
        "text": "U.A School Uniform"
    },

    "armor_material": {
        "durability": 1500,
        "damage_reduction_amounts": [4, 8, 6, 4],
        "enchantibility": 15,
        "toughness": 1,
        "sound": "item.armor.equip_generic"
    },

    "description": {
        "text": "U.A School Uniform"
    },
	
	"creative_tab": "mhapack",
		
    "abilities": [

    ],

    "armor_parts": {

        "chest": {
            "openable": false,
            "glow": false,
            "armor_model_scale": 0.32,
            "name": {
                "text": "U.A Chestplate"
            },
            "textures": {
			"normal": "mhapack:textures/models/armor/ua_schooluniform/_chest.png"			
            },
            "item_texture": {
				"blockstate": "mhapack:ua_schooluniform_suit"
 
            }
        },

        "legs": {
            "openable": false,
            "glow": false,
            "armor_model_scale": 0.35,
            "name": {
                "text": "U.A Pants"
            },
            "textures": {
			"normal": "mhapack:textures/models/armor/ua_schooluniform/_pants.png"
            },
            "item_texture": {
				"blockstate": "mhapack:ua_schooluniform_suit"

            }
        },

        "feet": {
            "openable": false,
            "glow": false,
            "armor_model_scale": 0.32,
            "name": {
                "text": "U.A Boots"
            },
            "textures": {
			"normal": "mhapack:textures/models/armor/ua_schooluniform/_boots.png"
            },
            "item_texture": {
				"blockstate": "mhapack:ua_schooluniform_suit"

            }
        }
    }
}
