{
    "name": {
        "text": "Samurai X 2017"
    },

    "armor_material": {
        "durability": 1000000,
        "damage_reduction_amounts": [4, 8, 6, 3],
        "enchantibility": 15,
        "toughness": 0.0,
        "sound": "item.armor.equip_generic"
    },
   
    "abilities": [
        {            
            "ability": "lucraftcore:fire_resistance"
        },
        {
            "ability": "lucraftcore:healing",
            "frequency": 20,
            "amount": 5
        },
        {
            "ability": "lucraftcore:water_breathing"
        },
        { 
            "ability": "lucraftcore:health",
            "factor": 10,
            "operation": 1,
            "uuid": "8daac781-0b20-4953-94a3-e63deea79374"
        },
        {
            "ability": "lucraftcore:strength",
            "factor": 2,
            "operation": 1,
            "uuid": "d40841d0-5c04-410a-9820-dc8c31ceac47"
        }
              
    ],

    "armor_parts": {

        "head": {
            "openable": false,
            "glow": false,
            "armor_model_scale": 0.5,
            "name": {
                "text": "Samurai X 2017 Helmet"
            },
            "textures": {
                "normal": "ninjago:textures/models/armor/samuraix2017/helmet.png"
            },
            "item_texture": {
                "blockstate": "ninjago:samuraix_2017_suit"
            }
        },

        "chest": {
            "openable": false,
            "glow": false,
            "armor_model_scale": 0.22,
            "name": {
                "text": "Samurai X 2017 Chestplate"
            },
            "textures": {
                "normal": "ninjago:textures/models/armor/samuraix2017/chest.png"
            },
            "item_texture": {
                "blockstate": "ninjago:samuraix_2017_suit"
            }
        },

        "legs": {
            "openable": false,
            "glow": false,
            "armor_model_scale": 0.25,
            "name": {
                "text": "Samurai X 2017 Legs"
            },
            "textures": {
                "normal": "ninjago:textures/models/armor/samuraix2017/legs.png"
            },
            "item_texture": {
                "blockstate": "ninjago:samuraix_2017_suit"
            }
        },

        "feet": {
            "openable": false,
            "glow": false,
            "armor_model_scale": 0.22,
            "name": {
                "text": "Samurai X 2017 Boots"
            },
            "textures": {
                "normal": "ninjago:textures/models/armor/samuraix2017/boots.png"
            },
            "item_texture": {
                "blockstate": "ninjago:samuraix_2017_suit"
            }
        }
    }
}