{
	"name" : {
		"text": "Super Speed"
	},

	"icon": {
		"type": "texture",
		"texture": "mystspeedsters:textures/icons/mutant_speed_icon.png"
	},
	
	"max_level": 1,
	
	"capsule_color" : 65535,
	
		
	"abilities": [
		{
			"ability": "lucraftcore:toggle_power",
			"title": {"text":"Super speed"},
			"abilities": [  ],
			"icon": {
						"type": "texture",
						"texture": "mystspeedsters:textures/icons/mutant_speed_icon.png"
					}
		},
		{
			"ability": "lucraftcore:sprint",
			"amount": 8,
			"operation": 0,
			"uuid": "b2930a55-fa9d-4124-bb58-2ba3169d1495",
			"required_ability": "toggle_power"
		},
		{
			"ability": "lucraftcore:healing",
			"frequency": 9,
			"amount": 2.0
		},
		{
			"ability": "lucraftcore:strength",
			"amount": 2,
			"operation": 0,
			"uuid": "ff38d1b5-fd0c-4063-ae71-0838291e118e"
		},
		{
			"ability": "lucraftcore:punch",
			"amount": 3,
			"operation": 0,
			"uuid": "ff38d1b5-fd0c-4063-ae71-0838291e118e",
			"required_level": 1
		},
		{
			"ability": "lucraftcore:fall_resistance",
			"amount": 6,
			"operation": 0,
			"uuid": "ff38d1b5-fd0c-4063-ae71-0838291e118e"
		},
		{
			"ability": "lucraftcore:jump_boost",
			"amount": 1.25,
			"operation": 0,
			"uuid": "ff38d1b5-fd0c-4063-ae71-0838291e118e",
			"required_ability": "toggle_power"
		},
		{
			"ability": "lucraftcore:step_assist",
			"amount": 2,
			"operation": 0,
			"uuid": "b2930a55-fa9d-4124-bb58-2ba3169d1495",
			"required_ability": "toggle_power"
		}
	]
}
