{
	"name" : {
		"text": "Synthetic Speedforce"
	},

	"icon": {
		"type": "texture",
		"texture": "mystspeedsters:textures/icons/synthetic_speedforce_icon.png"
	},
	
	"max_level": 2,
	
	"capsule_color" : 200,
	
	"effects": [
		{
			"type": "trail",
			"trail_type": "lightnings",
			"color": [0,0,0.725],
			"use_suit_trails": true,
			"conditions": [
				{
					"type": "ability_enabled",
					"ability": "lucraftcore:toggle_power"
				},
				{
					"type": "moving"
				}
			]
		}
	],
	
	"abilities": [
		{
			"ability": "lucraftcore:toggle_power",
			"title": {"text":"super speed"},
			"abilities": [  ],
			"icon": {
						"type": "texture",
						"texture": "mystspeedsters:textures/icons/synthetic_speedforce_icon.png"
					}
		},
		{
			"ability": "lucraftcore:sprint",
			"amount": 12,
			"operation": 0,
			"uuid": "b2930a55-fa9d-4124-bb58-2ba3169d1495",
			"required_ability": "toggle_power"
		},
		{
			"ability": "lucraftcore:healing",
			"frequency": 10,
			"amount": 1.0
		},
		{
			"ability": "lucraftcore:strength",
			"amount": 5,
			"operation": 0,
			"uuid": "ff38d1b5-fd0c-4063-ae71-0838291e118e"
		},
		{
			"ability": "lucraftcore:punch",
			"amount": 6,
			"operation": 0,
			"uuid": "ff38d1b5-fd0c-4063-ae71-0838291e118e",
			"required_level": 1
		},
		{
			"ability": "lucraftcore:fall_resistance",
			"amount": 10,
			"operation": 0,
			"uuid": "ff38d1b5-fd0c-4063-ae71-0838291e118e"
		},
		{
			"ability": "lucraftcore:jump_boost",
			"amount": 1,
			"operation": 0,
			"uuid": "ff38d1b5-fd0c-4063-ae71-0838291e118e",
			"required_ability": "toggle_power"
		},
		{
			"ability": "lucraftcore:step_assist",
			"amount": 4,
			"operation": 0,
			"uuid": "b2930a55-fa9d-4124-bb58-2ba3169d1495",
			"required_ability": "toggle_power"
		},
		{
			"ability": "heroesexpansion:portal",
			"cooldown": 200,
			"required_ability": "toggle_power",
			"required_level": 1
		},
		{
			"ability": "heroesexpansion:kinetic_energy_absorption",
			"max_energy": 200,
			"color": [0,0,0.725],
			"required_ability": "toggle_power"
		},
		{
			"ability": "heroesexpansion:lightning_attack",
			"damage": 14.0,
			"cooldown": 20,
			"required_level": 2
		}
	]
}
