{
	"name": {
		"text": "Loki (MCU)"
	},

	"armor_material": {
		"durability": 50,
		"damage_reduction_amounts": [4, 5, 6, 5],
		"enchantibility": 15,
		"toughness": 2,
		"sound": "item.armor.equip_generic"
	},
"creative_tab": "marvel",
	"description": {
		"text": "MCU"
	},

	"abilities": [
		{
			"ability": "lucraftcore:resistance",
			"amount": 8,
			"operation": 0,
			"uuid": "b2930a55-fa9d-4124-bb58-2ba3169d1495"
		},
		{
			"ability": "lucraftcore:fall_resistance",
			"amount": 4,
			"operation": 0,
			"uuid": "b2930a55-fa9d-4124-bb58-2ba3169d1495"
		}
	],

	"armor_parts": {
		
		"chest": {
			"openable": false,
			"glow": false,
			"name": {
				"text": "Loki's Coat"
			},
			"textures": {
				"normal": "dfheroes:textures/suits/loki_mcu/chestplate.png",
				"normal_smallarms": "dfheroes:textures/suits/loki_mcu/chestplate.png"
			},
			"item_texture": {
				"blockstate": "dfheroes:loki_mcu_state"
			}
		},

		"legs": {
			"openable": false,
			"glow": false,
			"name": {
				"text": "Loki's Pants"
			},
			"textures": {
				"normal": "dfheroes:textures/suits/loki_mcu/legs.png"
			},
			"item_texture": {
				"blockstate": "dfheroes:loki_mcu_state"
			}
		},

		"feet": {
			"openable": false,
			"glow": false,
			"name": {
				"text": "Loki's Boots"
			},
			"textures": {
				"normal": "dfheroes:textures/suits/loki_mcu/boots.png"
			},
			"item_texture": {
				"blockstate": "dfheroes:loki_mcu_state"
			}
		}
	}
}