{
	"name": {
		"text": "The Flash (Jay Garrick)"
	},

	"armor_material": {
		"durability": 50,
		"damage_reduction_amounts": [4, 5, 6, 4],
		"enchantibility": 15,
		"toughness": 1.0,
		"sound": "item.armor.equip_generic"
	},
"creative_tab": "dc",

"data": {
    "trail": {
        "red": 1,
        "green": 0.25,
        "blue": 0
    	},	
		"flicker": {
		"red": 1,
		"green": 0.25,
		"blue": 0
		},
	"speed_levels": 10
},

	"description": {
		"text": "CW"
	},
	
	"effects": [
		{
			"type": "trail",
			"trail_type": "lightnings",
			"color": [1,0.25,0],
			"use_suit_trails": true,
			"conditions": [
				{
					"type": "ability_enabled",
					"ability": "lucraftcore:toggle_power"
				},
				{
					"type": "moving"
				}
			]
		},
		{
			"type": "flickering",
			"color": [1,0.25,0],
			"use_suit_trails": true,
			"conditions": [
				{
					"type": "ability_enabled",
					"ability": "lucraftcore:toggle_power"
				},
				{
					"type": "moving"
				}
			]
		},
		{
			"type": "name_change",
			"name": {
				"text": "The Flash"
			}
		}
	],
	"abilities": [
		{
			"ability": "lucraftcore:sprint",
			"amount": 2,
			"operation": 0,
			"uuid": "b2930a55-fa9d-4124-bb58-2ba3169d1495",
			"required_superpower": "dfheroes:mutant_speedforce"
		},
		{
			"ability": "lucraftcore:resistance",
			"amount": 4,
			"operation": 0,
			"uuid": "b2930a55-fa9d-4124-bb58-2ba3169d1495"
		},
		{
			"ability": "lucraftcore:fall_resistance",
			"amount": 2,
			"operation": 0,
			"uuid": "b2930a55-fa9d-4124-bb58-2ba3169d1495"
		},
		{
			"ability": "lucraftcore:fire_resistance"
		}
	],


	"armor_parts": {

		"head": {
			"openable": true,
			"glow": false,
			"name": {
				"text": "Jay's Hat"
			},
			"textures": {
				"normal": "dfheroes:textures/suits/flash_jay/helmet.png",
				"normal_open": "dfheroes:textures/suits/flash_jay/helmet_open.png"
			},
			"item_texture": {
				"blockstate": "dfheroes:flash_jay_state"
			}
		},

		"chest": {
			"openable": false,
			"glow": false,
			"name": {
				"text": "Jay's Jacket"
			},
			"textures": {
				"normal": "dfheroes:textures/suits/flash_jay/chestplate.png",
				"normal_open": "dfheroes:textures/suits/flash_jay/chestplate_open.png",
				"normal_smallarms": "dfheroes:textures/suits/flash_jay/chestplate.png",
				"normal_smallarms_open": "dfheroes:textures/suits/flash_jay/chestplate_open.png"
			},
			"item_texture": {
				"blockstate": "dfheroes:flash_jay_state"
			}
		},

		"legs": {
			"openable": false,
			"glow": false,
			"name": {
				"text": "Jay's Pants"
			},
			"textures": {
				"normal": "dfheroes:textures/suits/flash_jay/legs.png"

			},
			"item_texture": {
				"blockstate": "dfheroes:flash_jay_state"
			}
		},

		"feet": {
			"openable": false,
			"glow": false,
			"name": {
				"text": "Jay's Boots"
			},
			"textures": {
				"normal": "dfheroes:textures/suits/flash_jay/boots.png"

			},
			"item_texture": {
				"blockstate": "dfheroes:flash_jay_state"
			}
		}
	}
}