{
	"name": {
		"text": "Lag-Speed (Custom)"
	},

	"armor_material": {
		"durability": 50,
		"damage_reduction_amounts": [6, 7, 8, 6],
		"enchantibility": 15,
		"toughness": 2,
		"sound": "item.armor.equip_generic"
	},
"creative_tab": "other",
"data": {
    "trail": {
        "red": 0,
        "green": 1,
        "blue": 1
    	},	
		"flicker": {
		"red": 0,
		"green": 1,
		"blue": 1
		},
	"speed_levels": 20
},

	"description": {
		"text": "Custom"
	},

	"abilities": [
		{
			"ability": "lucraftcore:sprint",
			"amount": 5,
			"operation": 0,
			"uuid": "b2930a55-fa9d-4124-bb58-2ba3169d1495",
			"required_superpower": "dfheroes:mutant_speedforce"
		},
		{
			"ability": "lucraftcore:resistance",
			"amount": 8,
			"operation": 0,
			"uuid": "b2930a55-fa9d-4124-bb58-2ba3169d1495"
		},
		{
			"ability": "lucraftcore:fall_resistance",
			"amount": 4,
			"operation": 0,
			"uuid": "b2930a55-fa9d-4124-bb58-2ba3169d1495"
		},
		{
			"ability": "lucraftcore:fire_resistance"
		},
		{
			"ability": "lucraftcore:teleport",
			"cooldown": 50,
			"distance": 50,
			"title": {"text":"Ender Matrix"}
		}
	],

	"armor_parts": {

		"head": {
			"openable": true,
			"glow": true,
			"name": {
				"text": "Lagspeed's Cowl"
			},
			"textures": {
				"normal": "dfheroes:textures/suits/lagspeed/helmet_open.png",
				"normal_open": "dfheroes:textures/suits/lagspeed/helmet.png",
				"glow": "dfheroes:textures/suits/lagspeed/helmet_open.png",
				"glow_open": "dfheroes:textures/suits/lagspeed/helmet_glow.png"
			},
			"item_texture": {
				"blockstate": "dfheroes:lagspeed_suit"
			}
		},

		"chest": {
			"openable": false,
			"glow": true,
			"name": {
				"text": "Lagspeed's Chestpiece"
			},
			"textures": {
				"normal": "dfheroes:textures/suits/lagspeed/chestplate.png",
				"normal_open": "dfheroes:textures/suits/lagspeed/chestplate_open.png",
				"normal_smallarms": "dfheroes:textures/suits/lagspeed/chestplate.png",
				"normal_smallarms_open": "dfheroes:textures/suits/lagspeed/chestplate_open.png",
				"glow": "dfheroes:textures/suits/lagspeed/chestplate_glow.png"
			},
			"item_texture": {
				"blockstate": "dfheroes:lagspeed_suit"
			}
		},

		"legs": {
			"openable": false,
			"glow": true,
			"name": {
				"text": "Lagspeed's Pants"
			},
			"textures": {
				"normal": "dfheroes:textures/suits/lagspeed/legs.png",
				"glow": "dfheroes:textures/suits/lagspeed/legs_glow.png"

			},
			"item_texture": {
				"blockstate": "dfheroes:lagspeed_suit"
			}
		},

		"feet": {
			"openable": false,
			"glow": true,
			"name": {
				"text": "Lagspeed's Boots"
			},
			"textures": {
				"normal": "dfheroes:textures/suits/lagspeed/boots.png",
				"glow": "dfheroes:textures/suits/lagspeed/boots_glow.png"

			},
			"item_texture": {
				"blockstate": "dfheroes:lagspeed_suit"
			}
		}
	}
}