{
	"name": {
		"text": "Quicksilver (AoU)"
	},

	"armor_material": {
		"durability": 50,
		"damage_reduction_amounts": [4, 5, 6, 4],
		"enchantibility": 15,
		"toughness": 1.0,
		"sound": "item.armor.equip_generic"
	},
"creative_tab": "marvel",
	"description": {
		"text": "AoU"
	},

	"abilities": [
		{
			"ability": "lucraftcore:resistance",
			"amount": 4,
			"operation": 0,
			"uuid": "b2930a55-fa9d-4124-bb58-2ba3169d1495"
		},
		{
			"ability": "lucraftcore:fall_resistance",
			"amount": 2,
			"operation": 0,
			"uuid": "b2930a55-fa9d-4124-bb58-2ba3169d1495"
		},
		{
			"ability": "lucraftcore:fire_resistance"
		}
	],
	
	"armor_parts": {

		"chest": {
			"openable": false,
			"glow": false,
			"name": {
				"text": "QQuicksilver's Shirt"
			},
			"textures": {
				"normal": "dfheroes:textures/suits/quicksilver_mcu/chestplate.png",
				"normal_open": "dfheroes:textures/suits/quicksilver_mcu/chestplate_open.png",
				"normal_smallarms": "dfheroes:textures/suits/quicksilver_mcu/chestplate.png",
				"normal_smallarms_open": "dfheroes:textures/suits/quicksilver_mcu/chestplate_open.png"
			},
			"item_texture": {
				"blockstate": "dfheroes:quicksilver_mcu_suit"
			}
		},

		"legs": {
			"openable": false,
			"glow": false,
			"name": {
				"text": "Quicksilver's Pants"
			},
			"textures": {
				"normal": "dfheroes:textures/suits/quicksilver_mcu/legs.png"

			},
			"item_texture": {
				"blockstate": "dfheroes:quicksilver_mcu_suit"
			}
		},

		"feet": {
			"openable": false,
			"glow": false,
			"name": {
				"text": "Quicksilver's Boots"
			},
			"textures": {
				"normal": "dfheroes:textures/suits/quicksilver_mcu/boots.png"

			},
			"item_texture": {
				"blockstate": "dfheroes:quicksilver_mcu_suit"
			}
		}
	}
}