{\rtf1\ansi\ansicpg1252\cocoartf1504\cocoasubrtf830
{\fonttbl\f0\fswiss\fcharset0 Helvetica;}
{\colortbl;\red255\green255\blue255;}
{\*\expandedcolortbl;;}
\margl1440\margr1440\vieww10800\viewh8400\viewkind0
\pard\tx720\tx1440\tx2160\tx2880\tx3600\tx4320\tx5040\tx5760\tx6480\tx7200\tx7920\tx8640\pardirnatural\partightenfactor0

\f0\fs24 \cf0 \{\
	"name" : \{\
		"text": \'93Speed\'94\
	\},\
\
	"icon": \{\
		"type": "texture",\
	    "texture\'94:\'94acupack:textures/icons/speed.png"\
	\},\
	\
	"max_level": 15,\
	\
	"capsule_color" : 10978784,\
	\
	"abilities": [\
		\{\
			"ability": "lucraftcore:sprint",\
			"factor": 2.75,\
			"operation": 1,\
			"uuid":"c6416af8-04c7-4de7-b06f-d0faeb7142a8"\
		\},\
		\{\
			"ability": "lucraftcore:strength",\
			"factor": 3,\
			"operation": 0,\
			"uuid": "b1735e93-cf34-4647-9aea-de4c930be5b3"\
		\},\
		\{\
			"ability": "lucraftcore:health",\
			"factor": 10,\
			"operation": 0,\
			"uuid": "262b8ebb-0e86-46ec-be8b-9c3e48d9944c"\
		\}\
	\
	],\
	\
	"effects": [\
		\{\
			"type": "trail",\
			"trail_type": "lightnings",\
			"color": [139, 0, 139], \
			"use_suit_trails": true\
		\}\
	]\
\}\
}