{\rtf1\ansi\ansicpg1252\cocoartf1504\cocoasubrtf830
{\fonttbl\f0\fswiss\fcharset0 Helvetica;}
{\colortbl;\red255\green255\blue255;}
{\*\expandedcolortbl;;}
\margl1440\margr1440\vieww10800\viewh8400\viewkind0
\pard\tx720\tx1440\tx2160\tx2880\tx3600\tx4320\tx5040\tx5760\tx6480\tx7200\tx7920\tx8640\pardirnatural\partightenfactor0

\f0\fs24 \cf0 \{\
	"name" : \{\
		\'93text\'94: \'93Eternal Flame\'93\
	\},\
\
	"icon": \{\
		"type": "texture",\
		"texture": \'93acupack:textures/icons/eternalflame.png"\
	\},\
	\
	"max_level": 10,\
	\
	"capsule_color" : 16740096,\
	\
	"abilities": [\
		\{		\
			"ability": "lucraftcore:fire_resistance"\
		\},\
		\{\
			"ability": "lucraftcore:strength",\
			"factor": 2.5,\
			"operation": 0,\
			"uuid": "48a5f5da-6271-4c5b-9b0c-97c8e73c52cd"\
		\},\
		\{\
   		    "ability": "lucraftcore:punch",\
			"factor": 2,\
			"operation": 0,\
			"uuid": "48a5f5da-6271-4c5b-9b0c-97c8e73c52cd"\
		\},\
        \{		\
			"ability": "lucraftcore:resistance",\
			"factor": 8,\
			"operation": 0,\
			"uuid": "48a5f5da-6271-4c5b-9b0c-97c8e73c52cd"\
		\},\
		\{\
		    "ability": "lucraftcore:fall_resistance",\
			"factor": 100,\
			"operation": 0,\
			"uuid": "48a5f5da-6271-4c5b-9b0c-97c8e73c52cd"\
		\},\
		\{\
			"ability": "lucraftcore:jump_boost",\
			"factor": 3,\
			"operation": 0,\
			"uuid": "48a5f5da-6271-4c5b-9b0c-97c8e73c52cd"\
		\},\
		\{\
			"ability": "lucraftcore:step_assist",\
			"factor": 0.5,\
			"operation": 0,\
			"uuid": "48a5f5da-6271-4c5b-9b0c-97c8e73c52cd"\
		\},\
		\{\
			"ability": "lucraftcore:sprint",\
			"factor": 0.075,\
			"operation": 0,\
			"uuid": "48a5f5da-6271-4c5b-9b0c-97c8e73c52cd"\
		\},\
		\{\
		    "ability": "lucraftcore:fire_punch",\
            "cooldown": 0,\
            "duration": 300,\
		\},\
		\{\
			"ability": "lucraftcore:flight"\
		\}\
		\
	]\
\}}