{\rtf1\ansi\ansicpg1252\cocoartf1504\cocoasubrtf830
{\fonttbl\f0\fswiss\fcharset0 Helvetica;}
{\colortbl;\red255\green255\blue255;}
{\*\expandedcolortbl;;}
\margl1440\margr1440\vieww10800\viewh8400\viewkind0
\pard\tx720\tx1440\tx2160\tx2880\tx3600\tx4320\tx5040\tx5760\tx6480\tx7200\tx7920\tx8640\pardirnatural\partightenfactor0

\f0\fs24 \cf0 \{\
	"name" : \{\
		"text\'94: \'93Reignian\'94\
	\},\
\
	"icon": \{\
		"type": "texture",\
		"texture": \'93acupack:textures/icons/reignian.png"\
	\},\
	\
	"max_level": 1,\
	\
	"capsule_color" : 9614479,\
	\
	"abilities": [\
		\{\
                 "ability": "lucraftcore:flight",\
                 "key": 1 				 \},\
		\{\
			"ability": "lucraftcore:strength",\
			"factor": 5,\
			"operation": 0,\
			"uuid": "2145e01b-30bf-434d-b7e1-994dacc52f19"\
		\},\
		\{\
		    "ability": "lucraftcore:energy_blast",\
			"cooldown": 50,\
            "damage": 10,\
            "color": [1, 0.0, 0.0],\
			"key": 2\
		\},\
		\{\
			"ability": "lucraftcore:health",\
			"factor": 30,\
			"operation": 0,\
			"uuid": "2145e01b-30bf-434d-b7e1-994dacc52f19"\
		\}\
	]\
\}\
}