{
	"name": {
		"text": "The Flash (Season 2)"
	},
	"creative_tab":"mystdcspeedstersalts",

	"armor_material": {
		"durability": 100,
		"damage_reduction_amounts": [6, 7, 8, 6],
		"enchantibility": 15,
		"toughness": 1.0,
		"sound": "item.armor.equip_generic"
	},
	"data": {
		"trail": {
			"red": 1,
			"green": 0.25,
			"blue": 0
		},
		"speed_levels": 8
	},

	"description": {
		"text": "Season 2"
	},

	"effects": [{
			"type": "trail",
			"trail_type": "lightnings",
			"color": [1, 0.25, 0],
			"use_suit_trails": true,
			"conditions": [{
					"type": "ability_enabled",
					"ability": "lucraftcore:toggle_power"
				},
				{
					"type": "moving"
				}
			]
		},
		{
			"type": "flickering",
			"color": [1, 0.25, 0],
			"use_suit_trails": true,
			"conditions": [{
					"type": "ability_enabled",
					"ability": "lucraftcore:toggle_power"
				},
				{
					"type": "moving"
				}
			]
		},
		{
			"type": "name_change",
			"name": {
				"text": "The Flash"
			}
		}
	],
	"abilities": [{
			"ability": "lucraftcore:sprint",
			"amount": 2.0,
			"operation": 0,
			"uuid": "b2930a55-fa9d-4124-bb58-2ba3169d1495",
			"required_superpower": "mystspeedsters:speedforce"
		},
		{
			"ability": "lucraftcore:resistance",
			"amount": 4,
			"operation": 0,
			"uuid": "b2930a55-fa9d-4124-bb58-2ba3169d1495"
		},
		{
			"ability": "lucraftcore:fall_resistance",
			"amount": 2,
			"operation": 0,
			"uuid": "b2930a55-fa9d-4124-bb58-2ba3169d1495"
		},
		{
			"ability": "lucraftcore:fire_resistance"
		}
	],

	"armor_parts": {

		"head": {
			"openable": true,
			"glow": false,
			"name": {
				"text": "Flash's Cowl"
			},
			"textures": {
				"normal": "mystspeedsters:textures/suits/flash_s2&3/helmet.png",
				"normal_open": "mystspeedsters:textures/suits/flash_s2&3/helmet_open.png"
			},
			"item_texture": {
				"blockstate": "mystspeedsters:flash_s2&3_state"
			}
		},

		"chest": {
			"openable": false,
			"glow": false,
			"name": {
				"text": "Flash's Chestpiece"
			},
			"textures": {
				"normal": "mystspeedsters:textures/suits/flash_s2&3/chestplate.png",
				"normal_smallarms": "mystspeedsters:textures/suits/flash_s2&3/chestplate.png"
			},
			"item_texture": {
				"blockstate": "mystspeedsters:flash_s2&3_state"
			}
		},

		"legs": {
			"openable": false,
			"glow": false,
			"name": {
				"text": "Flash's Pants"
			},
			"textures": {
				"normal": "mystspeedsters:textures/suits/flash_s2&3/legs.png"

			},
			"item_texture": {
				"blockstate": "mystspeedsters:flash_s2&3_state"
			}
		},

		"feet": {
			"openable": false,
			"glow": false,
			"name": {
				"text": "Flash's Boots"
			},
			"textures": {
				"normal": "mystspeedsters:textures/suits/flash_s2&3/boots.png"

			},
			"item_texture": {
				"blockstate": "mystspeedsters:flash_s2&3_state"
			}
		}
	}
}