{
	"name": {
		"text": "Jax (Custom Suit)"
	},
	"creative_tab":"mystcustomspeedsters",

	"armor_material": {
		"durability": 100,
		"damage_reduction_amounts": [6, 6, 8, 6],
		"enchantibility": 15,
		"toughness": 1.0,
		"sound": "item.armor.equip_generic"
	},
	"data": {
		"trail": {
			"red": 0.4,
			"green": 0,
			"blue": 1
		},
		"flicker": {
			"red": 0.4,
			"green": 0,
			"blue": 1
		},
		"speed_levels": 16
	},

	"description": {
		"text": "By Thymee"
	},

	"effects": [{
			"type": "trail",
			"trail_type": "lightnings",
			"color": [0.4, 0, 1],
			"use_suit_trails": true,
			"conditions": [{
					"type": "ability_enabled",
					"ability": "lucraftcore:toggle_power"
				},
				{
					"type": "moving"
				}
			]
		},
		{
			"type": "flickering",
			"color": [0.4, 0, 1],
			"use_suit_trails": true,
			"conditions": [{
					"type": "ability_enabled",
					"ability": "lucraftcore:toggle_power"
				},
				{
					"type": "moving"
				}
			]
		},
		{
			"type": "name_change",
			"name": {
				"text": "Jax"
			}
		}
	],
	"abilities": [{
			"ability": "lucraftcore:sprint",
			"amount": 3.5,
			"operation": 0,
			"uuid": "b2930a55-fa9d-4124-bb58-2ba3169d1495",
			"required_superpower": "mystspeedsters:speedforce"
		},
		{
			"ability": "lucraftcore:resistance",
			"amount": 4,
			"operation": 0,
			"uuid": "b2930a55-fa9d-4124-bb58-2ba3169d1495"
		},
		{
			"ability": "lucraftcore:fall_resistance",
			"amount": 2,
			"operation": 0,
			"uuid": "b2930a55-fa9d-4124-bb58-2ba3169d1495"
		},
		{
			"ability": "lucraftcore:fire_resistance"
		}
	],

	"armor_parts": {

		"head": {
			"openable": true,
			"glow": false,
			"name": {
				"text": "Jax's Cowl"
			},
			"textures": {
				"normal": "mystspeedsters:textures/suits/jax_custom/helmet.png",
				"normal_open": "mystspeedsters:textures/suits/jax_custom/helmet_open.png"
			},
			"item_texture": {
				"blockstate": "mystspeedsters:jax_custom_state"
			}
		},

		"chest": {
			"openable": false,
			"glow": false,
			"name": {
				"text": "Jax's Chestpiece"
			},
			"textures": {
				"normal": "mystspeedsters:textures/suits/jax_custom/chestplate.png",
				"normal_smallarms": "mystspeedsters:textures/suits/jax_custom/chestplate.png",
				"normal_open": "mystspeedsters:textures/suits/jax_custom/chestplate_open.png"
			},
			"item_texture": {
				"blockstate": "mystspeedsters:jax_custom_state"
			}
		},

		"legs": {
			"openable": false,
			"glow": false,
			"name": {
				"text": "Jax's Pants"
			},
			"textures": {
				"normal": "mystspeedsters:textures/suits/jax_custom/legs.png"

			},
			"item_texture": {
				"blockstate": "mystspeedsters:jax_custom_state"
			}
		},

		"feet": {
			"openable": false,
			"glow": false,
			"name": {
				"text": "Jax's Boots"
			},
			"textures": {
				"normal": "mystspeedsters:textures/suits/jax_custom/boots.png"

			},
			"item_texture": {
				"blockstate": "mystspeedsters:jax_custom_state"
			}
		}
	}
}