{
	"name": {
		"text": "Kidtro (Custom Suit)"
	},
	"creative_tab":"mystcustomspeedsters",

	"armor_material": {
		"durability": 100,
		"damage_reduction_amounts": [7, 8, 8, 7],
		"enchantibility": 15,
		"toughness": 1.0,
		"sound": "item.armor.equip_generic"
	},
	"data": {
		"trail": {
			"red": 0,
			"green": 1,
			"blue": 1
		},
		"flicker": {
			"red": 0,
			"green": 1,
			"blue": 1
		},
		"speed_levels": 15
	},

	"description": {
		"text": "By Mystery2099"
	},

	"effects": [{
			"type": "trail",
			"trail_type": "lightnings",
			"color": [0, 1, 1],
			"use_suit_trails": true,
			"conditions": [{
					"type": "ability_enabled",
					"ability": "lucraftcore:toggle_power"
				},
				{
					"type": "moving"
				}
			]
		},
		{
			"type": "flickering",
			"color": [0, 1, 1],
			"use_suit_trails": true,
			"conditions": [{
					"type": "ability_enabled",
					"ability": "lucraftcore:toggle_power"
				},
				{
					"type": "moving"
				}
			]
		},
		{
			"type": "name_change",
			"name": {
				"text": "Kidtro"
			}
		},
		{
            "type": "hud",
            "texture": "mystspeedsters:textures/hud/kidtro_custom_hud.png",
			"conditions": [
				{
					"type": "open_armor",
					"slot": "legs"
				}
			]
        }
	],
	"abilities": [
		{
			"ability": "lucraftcore:sprint",
			"amount": 5,
			"operation": 0,
			"uuid": "b2930a55-fa9d-4124-bb58-2ba3169d1495",
			"required_superpower": "mystheroes:speedforce"
		},
		{
			"ability": "lucraftcore:resistance",
			"amount": 4,
			"operation": 0,
			"uuid": "b2930a55-fa9d-4124-bb58-2ba3169d1495"
		},
		{
			"ability": "lucraftcore:fall_resistance",
			"amount": 2,
			"operation": 0,
			"uuid": "b2930a55-fa9d-4124-bb58-2ba3169d1495"
		},
		{
			"ability": "lucraftcore:fire_resistance"
		}
	],

	"armor_parts": {

		"head": {
			"openable": true,
			"glow": false,
			"name": {
				"text": "Kidtro's Cowl"
			},
			"textures": {
				"normal": "mystspeedsters:textures/suits/kidtro_custom/helmet.png",
				"normal_open": "mystspeedsters:textures/suits/kidtro_custom/helmet_open.png"
			},
			"item_texture": {
				"blockstate": "mystspeedsters:kidtro_custom_state"
			}
		},

		"chest": {
			"openable": true,
			"glow": false,
			"name": {
				"text": "mystspeedsters's Chestpiece"
			},
			"textures": {
				"normal": "mystspeedsters:textures/suits/kidtro_custom/chestplate.png",
				"normal_smallarms": "mystspeedsters:textures/suits/kidtro_custom/chestplate.png",
				"normal_open": "mystspeedsters:textures/suits/kidtro_custom/chestplate_open.png"
			},
			"item_texture": {
				"blockstate": "mystspeedsters:kidtro_custom_state"
			}
		},

		"legs": {
			"openable": true,
			"glow": false,
			"name": {
				"text": "Kidtro's Pants"
			},
			"textures": {
				"normal": "mystspeedsters:textures/suits/kidtro_custom/legs.png",
				"normal_open": "mystspeedsters:textures/suits/kidtro_custom/legs_open.png"
			},
			"item_texture": {
				"blockstate": "mystspeedsters:kidtro_custom_state"
			}
		},

		"feet": {
			"openable": false,
			"glow": false,
			"name": {
				"text": "kidtro's Boots"
			},
			"textures": {
				"normal": "mystspeedsters:textures/suits/kidtro_custom/boots.png"
			},
			"item_texture": {
				"blockstate": "mystspeedsters:kidtro_custom_state"
			}
		}
	}
}