{
	"parent": "heroesexpansion:black_panther",
	
	"name": {
		"text": "Ring"
	}, 
	
	"description": {
		"text": "Nitro"
	},
	
	"effects": [
		{
			"type": "name_change",
			"name": {
				"text": "Nitro"
			},
			"conditions": [
				{
					"type": "open_armor",
					"slot": "chest"
				}
			]
		},
		{
            "type": "hud",
            "texture": "mystspeedsters:textures/hud/nitro_custom_hud_new.png",
			"conditions": [
				{
					"type": "open_armor",
					"slot": "chest"
				}
			]
        },
		{
			"type": "trail",
			"trail_type": "lightnings",
			"color": [0.4, 0, 1],
			"use_suit_trails": true,
			"conditions": [{
					"type": "ability_enabled",
					"ability": "lucraftcore:toggle_power"
				},
				{
					"type": "moving"
				}
			]
		},
		{
			"type": "flickering",
			"color": [0.4, 0, 1],
			"use_suit_trails": true,
			"conditions": [{
					"type": "ability_enabled",
					"ability": "lucraftcore:toggle_power"
				},
				{
					"type": "moving"
				}
			]
		}
	],

	"creative_tab": "mystcustomspeedsters",
	
	"armor_material": {
		"durability": 50,
		"damage_reduction_amounts": [6, 8, 10, 6],
		"enchantibility": 10,
		"toughness": 1.0,
		"sound": "item.armor.equip_diamond"
	},
	
	"data": {
		"transition_color_1": {
			"red": 82,
			"green": 82,
			"blue": 82
		},
		"transition_color_2": {
			"red": 129,
			"green": 202,
			"blue": 220
		},
		"trail": {
			"red": 0.4,
			"green": 0,
			"blue": 1
		},
		"flicker": {
			"red": 0.4,
			"green": 0,
			"blue": 1
		},
		"necklace_texture": "mystspeedsters:textures/suits_rings/nitro_custom/suit_open.png"
	},
	
	"abilities": [
		{
			"ability": "lucraftcore:sprint",
			"amount": 3.5,
			"operation": 0,
			"uuid": "b2930a55-fa9d-4124-bb58-2ba3169d1495",
			"required_superpower": "mystspeedsters:speedforce"
		},
		{
			"ability": "lucraftcore:resistance",
			"amount": 4,
			"operation": 0,
			"uuid": "b2930a55-fa9d-4124-bb58-2ba3169d1495"
		},
		{
			"ability": "lucraftcore:fall_resistance",
			"amount": 2,
			"operation": 0,
			"uuid": "b2930a55-fa9d-4124-bb58-2ba3169d1495"
		},
		{
			"ability": "lucraftcore:fire_resistance"
		}
	],
	
	"armor_parts": {
		
		"chest": {
			"openable": true,
			"glow": false,
			"name": {
				"text": "Nitro Ring"
			},
			"textures": {
				"normal": "mystspeedsters:textures/suits_rings/nitro_custom/suit.png"
			},
			"item_texture": {
				"blockstate": "mystspeedsters:nitro_custom_ring_state"
			}
		}
	}
}