{
	"name": {
		"text": "The Reverse Flash"
	},
	
	"armor_material": {
		"durability": 100,
		"damage_reduction_amounts": [6, 6, 8, 6],
		"enchantibility": 15,
		"toughness": 1.0,
		"sound": "item.armor.equip_generic"
	},
	
"creative_tab": "mystdcspeedstersalts",
	
	"data": {
		"trail": {
			"red": 1,
			"green": 0,
			"blue": 0
		},
		"speed_levels": 15
	},

	"description": {
		"text": "CW"
	},

	"effects": [{
			"type": "trail",
			"trail_type": "lightnings",
			"color": [1, 0.25, 0],
			"use_suit_trails": true,
			"conditions": [{
					"type": "ability_enabled",
					"ability": "lucraftcore:toggle_power"
				},
				{
					"type": "moving"
				}
			]
		},
		{
			"type": "flickering",
			"color": [1, 0.25, 0],
			"use_suit_trails": true,
			"conditions": [{
					"type": "ability_enabled",
					"ability": "lucraftcore:toggle_power"
				},
				{
					"type": "moving"
				}
			]
		},
		{
			"type": "name_change",
			"name": {
				"text": "The Flash"
			}
		}
	],
	"abilities": [{
			"ability": "lucraftcore:sprint",
			"amount": 3.5,
			"operation": 0,
			"uuid": "b2930a55-fa9d-4124-bb58-2ba3169d1495",
			"required_superpower": "mystspeedsters:negative_speedforce"
		},
		{
			"ability": "lucraftcore:resistance",
			"amount": 4,
			"operation": 0,
			"uuid": "b2930a55-fa9d-4124-bb58-2ba3169d1495"
		},
		{
			"ability": "lucraftcore:fall_resistance",
			"amount": 2,
			"operation": 0,
			"uuid": "b2930a55-fa9d-4124-bb58-2ba3169d1495"
		},
		{
			"ability": "lucraftcore:fire_resistance"
		}
	],

	"armor_parts": {

		"head": {
			"openable": true,
			"glow": true,
			"name": {
				"text": "Reverse Flash's Cowl"
			},
			"textures": {
				"normal": "mystspeedsters:textures/suits/rf_cw/helmet.png",
				"normal_open": "mystspeedsters:textures/suits/rf_cw/helmet_open.png",
				"glow": "mystspeedsters:textures/suits/rf_cw/helmet_glow.png",
				"glow_open": "mystspeedsters:textures/suits/rf_cw/helmet_glow_open.png"
			},
			"item_texture": {
				"blockstate": "mystspeedsters:rf_cw_state"
			}
		},

		"chest": {
			"openable": false,
			"glow": false,
			"name": {
				"text": "Reverse Flash's Chestpiece"
			},
			"textures": {
				"normal": "mystheroes:mystspeedsters/suits/rf_cw/chestplate.png",
				"normal_smallarms": "mystspeedsters:textures/suits/rf_cw/chestplate.png"
			},
			"item_texture": {
				"blockstate": "mystspeedsters:rf_cw_state"
			}
		},

		"legs": {
			"openable": false,
			"glow": false,
			"name": {
				"text": "Reverse Flash's Pants"
			},
			"textures": {
				"normal": "mystspeedsters:textures/suits/rf_cw/legs.png"

			},
			"item_texture": {
				"blockstate": "mystspeedsters:rf_cw_state"
			}
		},

		"feet": {
			"openable": false,
			"glow": false,
			"name": {
				"text": "Reverse Flash's Boots"
			},
			"textures": {
				"normal": "mystspeedsters:textures/suits/rf_cw/boots.png"
			},
			"item_texture": {
				"blockstate": "mystspeedsters:rf_cw_state"
			}
		}
	}
}