{
	"name": {
		"text": "The Rival (CW)"
	},

	"armor_material": {
		"durability": 50,
		"damage_reduction_amounts": [4, 6, 6, 4],
		"enchantibility": 15,
		"toughness": 1.0,
		"sound": "item.armor.equip_generic"
	},
"creative_tab": "mystdcspeedsters",
"data": {
    "trail": {
        "red": 1,
        "green": 0.25,
        "blue": 0
    	},	
	"speed_levels": 12
},

	"description": {
		"text": "CW"
	},
	
	"effects": [
		{
			"type": "trail",
			"trail_type": "lightnings",
			"color": [1,0.25,0],
			"use_suit_trails": true,
			"conditions": [
				{
					"type": "ability_enabled",
					"ability": "lucraftcore:toggle_power"
				},
				{
					"type": "moving"
				}
			]
		},
		{
			"type": "name_change",
			"name": {
				"text": "⚡The Rival"
			}
		} 
	],
	
	"abilities": [
		{
			"ability": "lucraftcore:sprint",
			"amount": 2.5,
			"operation": 0,
			"uuid": "b2930a55-fa9d-4124-bb58-2ba3169d1495",
			"required_superpower": "mystspeedsters:negative_speedforce"
		},
		{
			"ability": "lucraftcore:resistance",
			"amount": 4,
			"operation": 0,
			"uuid": "b2930a55-fa9d-4124-bb58-2ba3169d1495"
		},
		{
			"ability": "lucraftcore:fall_resistance",
			"amount": 2,
			"operation": 0,
			"uuid": "b2930a55-fa9d-4124-bb58-2ba3169d1495"
		},
		{
			"ability": "lucraftcore:fire_resistance"
		}
	],

	"armor_parts": {

		"head": {
			"openable": true,
			"glow": true,
			"name": {
				"text": "Rival's Cowl"
			},
			"textures": {
				"normal": "mystspeedsters:textures/suits/rival_cw/helmet.png",
				"normal_open": "mystspeedsters:textures/suits/rival_cw/helmet_open.png"
			},
			"item_texture": {
				"blockstate": "mystspeedsters:rival_cw_state"
			}
		},

		"chest": {
			"openable": false,
			"glow": true,
			"name": {
				"text": "Rival's Chestpiece"
			},
			"textures": {
				"normal": "mystspeedsters:textures/suits/rival_cw/chestplate.png",
				"normal_smallarms": "mystspeedsters:textures/suits/rival_cw/chestplate.png"
			},
			"item_texture": {
				"blockstate": "mystspeedsters:rival_cw_state"
			}
		},

		"legs": {
			"openable": false,
			"glow": true,
			"name": {
				"text": "Rival's Pants"
			},
			"textures": {
				"normal": "mystspeedsters:textures/suits/rival_cw/legs.png"
			},
			"item_texture": {
				"blockstate": "mystspeedsters:rival_cw_state"
			}
		},

		"feet": {
			"openable": false,
			"glow": true,
			"name": {
				"text": "Rival's Boots"
			},
			"textures": {
				"normal": "mystspeedsters:textures/suits/rival_cw/boots.png"
			},
			"item_texture": {
				"blockstate": "mystspeedsters:rival_cw_state"
			}
		}
	}
}