{
	"name": {
		"text": "Silverbolt (Custom Suit)"
	},
	"creative_tab":"mystcustomspeedsters",

	"armor_material": {
		"durability": 100,
		"damage_reduction_amounts": [7, 8, 8, 7],
		"enchantibility": 15,
		"toughness": 1.0,
		"sound": "item.armor.equip_generic"
	},
	"data": {
		"trail": {
			"red": 1,
			"green": 1,
			"blue": 1
		},
		"flicker": {
			"red": 1,
			"green": 1,
			"blue": 1
		},
		"speed_levels": 16
	},

	"description": {
		"text": "By SpartanGamezFTB"
	},

	"effects": [{
			"type": "trail",
			"trail_type": "lightnings",
			"color": [1, 1, 1],
			"use_suit_trails": true,
			"conditions": [{
					"type": "ability_enabled",
					"ability": "lucraftcore:toggle_power"
				},
				{
					"type": "moving"
				}
			]
		},
		{
			"type": "flickering",
			"color": [1, 1, 1],
			"use_suit_trails": true,
			"conditions": [{
					"type": "ability_enabled",
					"ability": "lucraftcore:toggle_power"
				},
				{
					"type": "moving"
				}
			]
		},
		{
			"type": "name_change",
			"name": {
				"text": "Silver Bolt"
			}
		},
		{
            "type": "hud",
            "texture": "mystspeedsters:textures/hud/silver_bolt_hud.png",
			"conditions": [
				{
					"type": "open_armor",
					"slot": "legs"
				}
			]
        }
	],
	"abilities": [
		{
			"ability": "lucraftcore:sprint",
			"amount": 5,
			"operation": 0,
			"uuid": "b2930a55-fa9d-4124-bb58-2ba3169d1495",
			"required_superpower": "mystspeedsters:true_speedforce"
		},
		{
			"ability": "lucraftcore:resistance",
			"amount": 4,
			"operation": 0,
			"uuid": "b2930a55-fa9d-4124-bb58-2ba3169d1495"
		},
		{
			"ability": "lucraftcore:fall_resistance",
			"amount": 2,
			"operation": 0,
			"uuid": "b2930a55-fa9d-4124-bb58-2ba3169d1495"
		},
		{
			"ability": "lucraftcore:fire_resistance"
		}
	],

	"armor_parts": {

		"head": {
			"openable": true,
			"glow": true,
			"name": {
				"text": "Silverbolt's Cowl"
			},
			"textures": {
				"normal": "mystspeedsters:textures/suits/silver_bolt_custom/helmet.png",
				"normal_open": "mystspeedsters:textures/suits/silver_bolt_custom/helmet_open.png",
				"glow": "mystspeedsters:textures/suits/silver_bolt_custom/helmet_glow.png",
				"glow_open": "mystspeedsters:textures/suits/silver_bolt_custom/helmet_glow_open.png"
			},
			"item_texture": {
				"blockstate": "mystspeedsters:silver_bolt_custom_state"
			}
		},

		"chest": {
			"openable": true,
			"glow": true,
			"name": {
				"text": "Silverbolt's Chestpiece"
			},
			"textures": {
				"normal": "mystspeedsters:textures/suits/silver_bolt_custom/chestplate.png",
				"normal_smallarms": "mystspeedsters:textures/suits/silver_bolt_custom/chestplate.png",
				"normal_open": "mystspeedsters:textures/suits/silver_bolt_custom/chestplate_open.png",
				"glow": "mystspeedsters:textures/suits/silver_bolt_custom/chestplate_glow.png"
			},
			"item_texture": {
				"blockstate": "mystspeedsters:silver_bolt_custom_state"
			}
		},

		"legs": {
			"openable": true,
			"glow": true,
			"name": {
				"text": "Silverbolt's Pants"
			},
			"textures": {
				"normal": "mystspeedsters:textures/suits/silver_bolt_custom/legs.png",
				"normal_open": "mystspeedsters:textures/suits/silver_bolt_custom/legs_open.png",
				"glow": "mystspeedsters:textures/suits/silver_bolt_custom/legs_glow.png"
			},
			"item_texture": {
				"blockstate": "mystspeedsters:silver_bolt_custom_state"
			}
		},

		"feet": {
			"openable": false,
			"glow": true,
			"name": {
				"text": "Silverbolt's Boots"
			},
			"textures": {
				"normal": "mystspeedsters:textures/suits/silver_bolt_custom/boots.png",
				"glow": "mystspeedsters:textures/suits/silver_bolt_custom/boots_glow.png"

			},
			"item_texture": {
				"blockstate": "mystspeedsters:silver_bolt_custom_state"
			}
		}
	}
}