{
	"name": {
		"text": "Speed-Demon (Custom Suit)"
	},
	
	"armor_material": {
		"durability": 100,
		"damage_reduction_amounts": [6, 8, 8, 6],
		"enchantibility": 15,
		"toughness": 1.0,
		"sound": "item.armor.equip_generic"
	},
	
"creative_tab":"mystcustomspeedsters",
	
	"data": {
		"trail": {
			"red": 1,
			"green": 0,
			"blue": 0
		},
		"flickering": {
			"red": 1,
			"green": 0,
			"blue": 0
		},
		"speed_levels": 17
	},

	"description": {
		"text": "By Mystery2099"
	},

	"effects": [{
			"type": "trail",
			"trail_type": "lightnings",
			"color": [1, 0, 0],
			"use_suit_trails": true,
			"conditions": [{
					"type": "ability_enabled",
					"ability": "lucraftcore:toggle_power"
				},
				{
					"type": "moving"
				}
			]
		},
		{
			"type": "flickering",
			"color": [1, 0, 0],
			"use_suit_trails": true,
			"conditions": [{
					"type": "ability_enabled",
					"ability": "lucraftcore:toggle_power"
				},
				{
					"type": "moving"
				}
			]
		},
		{
			"type": "name_change",
			"name": {
				"text": "Speed-Demon"
			}
		}
	],
	"abilities": [
		{
			"ability": "lucraftcore:sprint",
			"amount": 3,
			"operation": 0,
			"uuid": "b2930a55-fa9d-4124-bb58-2ba3169d1495",
			"required_superpower": "mystspeedsters:negative_speedforce"
		},
		{
			"ability": "lucraftcore:resistance",
			"amount": 4,
			"operation": 0,
			"uuid": "b2930a55-fa9d-4124-bb58-2ba3169d1495"
		},
		{
			"ability": "lucraftcore:fall_resistance",
			"amount": 2,
			"operation": 0,
			"uuid": "b2930a55-fa9d-4124-bb58-2ba3169d1495"
		},
		{
			"ability": "lucraftcore:fire_resistance"
		}
	],

	"armor_parts": {

		"head": {
			"openable": true,
			"glow": true,
			"name": {
				"text": "Speed-Demon's Cowl"
			},
			"textures": {
				"normal": "mystspeedsters:textures/suits/speed_demon_custom/helmet.png",
				"normal_open": "mystspeedsters:textures/suits/speed_demon_custom/helmet_open.png",
				"glow": "mystspeedsters:textures/suits/speed_demon_custom/helmet_glow.png",
				"glow_open": "mystspeedsters:textures/suits/speed_demon_custom/helmet_glow_open.png"
			},
			"item_texture": {
				"blockstate": "mystspeedsters:speed_demon_custom_state"
			}
		},

		"chest": {
			"openable": false,
			"glow": true,
			"name": {
				"text": "Speed-Demon's Chestpiece"
			},
			"textures": {
				"normal": "mystspeedsters:textures/suits/speed_demon_custom/chestplate.png",
				"normal_smallarms": "mystspeedsters:textures/suits/speed_demon_custom/chestplate.png",
				"glow": "mystspeedsters:textures/suits/speed_demon_custom/chestplate_glow.png"
			},
			"item_texture": {
				"blockstate": "mystspeedsters:speed_demon_custom_state"
			}
		},

		"legs": {
			"openable": false,
			"glow": true,
			"name": {
				"text": "Speed-Demon's Pants"
			},
			"textures": {
				"normal": "mystspeedsters:textures/suits/speed_demon_custom/legs.png",
				"glow": "mystspeedsters:textures/suits/speed_demon_custom/legs_glow.png"

			},
			"item_texture": {
				"blockstate": "mystspeedsters:speed_demon_custom_state"
			}
		},

		"feet": {
			"openable": false,
			"glow": true,
			"name": {
				"text": "Speed-Demon's Boots"
			},
			"textures": {
				"normal": "mystspeedsters:textures/suits/speed_demon_custom/boots.png",
				"glow": "mystspeedsters:textures/suits/speed_demon_custom/boots_glow.png"

			},
			"item_texture": {
				"blockstate": "mystspeedsters:speed_demon_custom_state"
			}
		}
	}
}