{
	"name": {
		"text": "Wraith"
	},

	"icon": {
		"type": "texture",
		"texture": "starpack:textures/icons/wraith.png"
	},

	"max_level": 10,

	"capsule_color": 13172687,
	"effects": [{
		"type": "skin_change",
		"texture": "starpack:textures/models/wraith.png"
	}],


	"abilities": [{
			"ability": "lucraftcore:fire_resistance",
			"required_level": 5
		},
		{
			"ability": "lucraftcore:sprint",
			"key": 1,
			"factor": 0.5,
			"operation": 1,
			"uuid": "0669d99d-b34d-40fc-a4d8-c7ee963cc842"

		},
		{
			"ability": "lucraftcore:healing",
			"frequency": 20,
			"amount": 10
		}
	]

}
