{
	"zawarudo": {
		"sounds": [
			{
				"name": "zawarudo",
				"stream": true
			}
		]
	},
	"road_roller": {
		"sounds": [
			{
				"name": "road_roller",
				"stream": true
			}
		]
	},
	"bang": {
		"sounds": [
			{
				"name": "bang",
				"stream": true
			}
		]
	},
	"knife": {
		"sounds": [
			{
				"name": "knife",
				"stream": true
			}
		]
	},
	"9sec_passed": {
		"sounds": [
			{
				"name": "9sec_passed",
				"stream": true
			}
		]
	},
	"jojo": {
		"sounds": [
			{
				"name": "jojo",
				"stream": true
			}
		]
	},
	"muda": {
		"sounds": [
			{
				"name": "muda",
				"stream": true
			},
			{
				"name": "wryyy",
				"stream": true
			}
		]
	}
}