{
	"forge_marker": 1,
	"defaults": {
		"model": "builtin/generated",
		"textures": {
			"layer0": "blocks/dirt"
		},

		"transform": "forge:default-item"
	},

	"variants": {

		"head": [{
			"textures": {
				"layer0": "nnt:items/diane/armor/head"
			}
		}],		
		"chest": [{
			"textures": {
				"layer0": "nnt:items/diane/armor/chest"
			}
		}],

		"legs": [{
			"textures": {
				"layer0": "nnt:items/diane/armor/legs"
			}
		}],

		"feet": [{
			"textures": {
				"layer0": "nnt:items/diane/armor/feet"
			}
		}]
	}
}