{
	"forge_marker": 1,
	"defaults": {
		"model": "builtin/generated",
		"textures": {
			"layer0": "blocks/dirt"
		},

		"transform": "forge:default-item"
	},

	"variants": {
		
		"head": [{
			"textures": {
				"layer0": "nnt:items/escanor/glasses"
			}
		}],

		"chest": [{
			"textures": {
				"layer0": "nnt:items/escanor/shirt"
			}
		}],

		"legs": [{
			"textures": {
				"layer0": "nnt:items/escanor/pants"
			}
		}],

		"feet": [{
			"textures": {
				"layer0": "nnt:items/escanor/shoes"
			}
		}]
	}
}