{
	"name" : {
		"text": "Acid"
	},

	"icon": {
		"type": "texture",
		"texture": "mhapack:textures/icons/acid_icon.png"
	},
	
	"max_level": 2,
	
	"capsule_color" : 16762367,
	
	"effects": [
		{
			"type": "skin_change",
            "texture": "mhapack:textures/models/acid_skin.png"
		}
	],
	
	"abilities": [
		{
			"ability": "lucraftcore:potion_punch",
			"potion": "minecraft:poison",
			"amplifier": 200,
			"duration": 100,
			"cooldown": 200
		},
		{
		    "ability": "lucraftcore:strength",
			"factor": 5,
			"operation": 0,
			"uuid": "f2fee0ea-e81f-4656-94fe-825a81cde267"
		},
		{
			"ability": "lucraftcore:fall_resistance",
			"factor": 2,
			"operation": 0,
			"uuid": "ff38d1b5-fd0c-4063-ae71-0838291e118e"
		},
		{
			"ability": "speedsterheroes:wall_running",
			"speed": 0
		},
		{
			"ability": "lucraftcore:fall_resistance",
			"factor": 10,
			"operation": 0,
			"uuid": "cd670c5c-403f-4b78-95ec-c538bbf0154d"
		}
	]
}
