{
	"name" : {
		"text": "Engine"
	},

	"icon": {
		"type": "texture",
		"texture": "cotpack:textures/icons/engine_icon.png"
	},
	
	"max_level": 1,
	
	"capsule_color" : 13816019,
	
	"effects": [
	],
	
	"abilities": [
		{
			"ability": "speedsterheroes:super_speed",
			"speed_levels": 5
		},
		{
			"ability": "speedsterheroes:accelerate"
		},
		{
			"ability": "speedsterheroes:decelerate"
		},
		{
			"ability": "lucraftcore:strength",
			"factor": 14,
			"operation": 0,
			"uuid": "135c6a9c-06c7-4327-a921-768fb70acbd7"
		},
		{
			"ability": "lucraftcore:fall_resistance",
			"factor": 10,
			"operation": 0,
			"uuid": "cd670c5c-403f-4b78-95ec-c538bbf0154d"
		}
	]
}
