{
	"name" : {
		"text": "Half-Cold-Half-Hot"
	},

	"icon": {
		"type": "texture",
		"texture": "mhapack:textures/icons/half_cold_half_hot_icon.png"
	},
	
	"max_level": 1,
	
	"capsule_color" : 7686911,
	
	"effects": [
		{
		"type": "glow",
        "color": [0, 1, 1],
        "size": 0.0,
			"conditions": [
				{
					"type": "ability_enabled",
					"ability": "lucraftcore:potion_punch"
				}
			]
		}
	],
	
	"abilities": [
		{
			"ability": "lucraftcore:toggle_power",
			"key": 1,
			"abilities": ["lucraftcore:strength", "lucraftcore:knockback_resistance", "lucraftcore:fire_resistance", "lucraftcore:potion_punch", "lucraftcore:energy_blast", "lucraftcore:resistance", "lucraftcore:fall_resistance", "lucraftcore:jump_boost", "lucraftcore:sprint", "lucraftcore:fire_punch", "lucraftcore:energy_blast"],
			"icon": {
				"type": "texture",
				"texture": "mhapack:textures/icons/half_cold_half_hot_icon.png"
			}
		},
		{
			"ability": "lucraftcore:resistance",
			"factor": 10,
            "operation": 0,
            "uuid": "029d346f-55fc-4f33-953c-2a4eaff57925"
		},
		{
			"ability": "lucraftcore:knockback_resistance",
			"factor": 1,
            "operation": 0,
            "uuid": "d33f8b6f-17e3-4a00-8b32-7cda2a1af0ff"
		},
		{
			"ability": "lucraftcore:strength",
			"factor": 20,
			"operation": 0,
			"uuid": "0bed648a-1c61-4146-83e8-64e15773eca3"
		},
		{
			"ability": "lucraftcore:fall_resistance",
			"factor": 20,
			"operation": 0,
			"uuid": "ff38d1b5-fd0c-4063-ae71-0838291e118e"
		},
		{
			"ability": "lucraftcore:jump_boost",
			"factor": 10,
			"operation": 0,
			"uuid": "ff38d1b5-fd0c-4063-ae71-0838291e118e"
		},
		{
		    "ability": "lucraftcore:sprint",
			"factor": 2,
			"operation": 0,
			"uuid": "f2fee0ea-e81f-4656-94fe-825a81cde267"
		},
		{
		    "ability": "lucraftcore:energy_blast",
			"cooldown": 40,
            "damage": 20,
            "color": [1, 0.35, 0],
			"conditions": [
				{
					"type": "ability_enabled",
					"ability": "lucraftcore:fire_punch"
				}
			]
		},
		{
		    "ability": "lucraftcore:fire_punch",
            "cooldown": 0,
            "duration": 1000
		},
		{
			"ability": "lucraftcore:fire_resistance"
		},
		{
            "ability": "lucraftcore:potion_punch",
			"potion": "minecraft:slowness",
			"amplifier": 15,
			"duration": 1000,
			"cooldown": 10000
		},
		{
		    "ability": "lucraftcore:energy_blast",
			"cooldown": 40,
            "damage": 20,
            "color": [0, 1, 1],
			"conditions": [
				{
					"type": "ability_enabled",
					"ability": "lucraftcore:potion_punch"
				}
			]
		}
	]
}
