{
	"name" : {
		"text": "One For All: Full Cowl"
	},

	"icon": {
		"type": "texture",
		"texture": "mhapack:textures/icons/one_for_all_icon.png"
	},
	
	"max_level": 1,
	
	"capsule_color" : 65402,
	
	"effects": [
		{
			"type": "flickering",
			"color": [0, 1, 0.4],
			"use_suit_flicker": false,
			"conditions": [
				{
					"type": "ability_enabled",
					"ability": "lucraftcore:toggle_power"
				}
			]
		}
	],
	
	"abilities": [
		{
			"ability": "lucraftcore:resistance",
			"factor": 10,
            "operation": 0,
            "uuid": "029d346f-55fc-4f33-953c-2a4eaff57925"
		},
		{
			"ability": "lucraftcore:toggle_power",
			"key": 1,
			"abilities": ["lucraftcore:strength", "lucraftcore:knockback_resistance", "lucraftcore:resistance", "lucraftcore:fall_resistance", "lucraftcore:jump_boost", "lucraftcore:sprint"],
			"icon": {
				"type": "texture",
				"texture": "mhapack:textures/icons/one_for_all_icon.png"
			}
		},
		{
			"ability": "lucraftcore:knockback_resistance",
			"factor": 1,
            "operation": 0,
            "uuid": "d33f8b6f-17e3-4a00-8b32-7cda2a1af0ff"
		},
		{
			"ability": "lucraftcore:strength",
			"factor": 20,
			"operation": 0,
			"uuid": "0bed648a-1c61-4146-83e8-64e15773eca3"
		},
		{
			"ability": "lucraftcore:fall_resistance",
			"factor": 20,
			"operation": 0,
			"uuid": "ff38d1b5-fd0c-4063-ae71-0838291e118e"
		},
		{
			"ability": "lucraftcore:jump_boost",
			"factor": 10,
			"operation": 0,
			"uuid": "ff38d1b5-fd0c-4063-ae71-0838291e118e"
		},
		{
		    "ability": "lucraftcore:sprint",
			"factor": 3,
			"operation": 0,
			"uuid": "f2fee0ea-e81f-4656-94fe-825a81cde267"
		}
	]
}
