{
    "parent": "item/handheld",
    "textures": {
        "layer0": "item/carrot_on_a_stick"
    },
    "overrides": [
        {"predicate": {"custom_model_data": 1}, "model": "item/sikame"},
        {"predicate": {"custom_model_data": 2}, "model": "item/knife"},
        {"predicate": {"custom_model_data": 3}, "model": "item/zawarudo"},
        {"predicate": {"custom_model_data": 4}, "model": "item/road_roller"},
        {"predicate": {"custom_model_data": 5}, "model": "item/clock"}
    ]
}