{
    "textures": {
        "knife": "custom/knife"
    },
    "elements": [
        {
            "name": "hold",
            "from": [ 7.5, 4.0, 2.0 ], 
            "to": [ 8.5, 6.0, 7.0 ], 
            "faces": {
                "north": { "texture": "#knife", "uv": [ 1.0, 0.0, 2.0, 1.0 ] },
                "east": { "texture": "#knife", "uv": [ 3.0, 0.0, 15.5, 5.0 ] },
                "south": { "texture": "#knife", "uv": [ 1.0, 0.0, 2.0, 1.0 ] },
                "west": { "texture": "#knife", "uv": [ 15.5, 0.0, 3.0, 5.0 ] },
                "up": { "texture": "#knife", "uv": [ 1.0, 0.0, 2.0, 1.0 ] },
                "down": { "texture": "#knife", "uv": [ 1.0, 0.0, 2.0, 1.0 ] }
            }
        },
        {
            "name": "back",
            "from": [ 7.5, 3.6, 0.0 ], 
            "to": [ 8.5, 6.0, 2.0 ], 
            "faces": {
                "north": { "texture": "#knife", "uv": [ 1.0, 0.0, 2.0, 1.0 ] },
                "east": { "texture": "#knife", "uv": [ 11.0, 5.0, 16.0, 11.0 ] },
                "south": { "texture": "#knife", "uv": [ 1.0, 0.0, 2.0, 1.0 ] },
                "west": { "texture": "#knife", "uv": [ 16.0, 5.0, 11.0, 11.0 ] },
                "up": { "texture": "#knife", "uv": [ 1.0, 0.0, 2.0, 1.0 ] },
                "down": { "texture": "#knife", "uv": [ 1.0, 0.0, 2.0, 1.0 ] }
            }
        },
        {
            "name": "front",
            "from": [ 7.3, 3.8, 7.0 ], 
            "to": [ 8.7, 6.2, 8.0 ], 
            "faces": {
                "north": { "texture": "#knife", "uv": [ 0.0, 0.0, 1.0, 1.0 ] },
                "east": { "texture": "#knife", "uv": [ 0.0, 0.0, 1.0, 1.0 ] },
                "south": { "texture": "#knife", "uv": [ 0.0, 0.0, 1.0, 1.0 ] },
                "west": { "texture": "#knife", "uv": [ 0.0, 0.0, 1.0, 1.0 ] },
                "up": { "texture": "#knife", "uv": [ 0.0, 0.0, 1.0, 1.0 ] },
                "down": { "texture": "#knife", "uv": [ 0.0, 0.0, 1.0, 1.0 ] }
            }
        },
        {
            "name": "knife",
            "from": [ 7.9, 3.5, 7.8 ], 
            "to": [ 8.1, 5.9, 17.8 ], 
            "faces": {
                "north": { "texture": "#knife", "uv": [ 0.0, 1.0, 1.0, 2.0 ] },
                "east": { "texture": "#knife", "uv": [ 0.0, 13.0, 12.5, 16.0 ] },
                "south": { "texture": "#knife", "uv": [ 0.0, 1.0, 1.0, 2.0 ] },
                "west": { "texture": "#knife", "uv": [ 12.5, 13.0, 0.0, 16.0 ] },
                "up": { "texture": "#knife", "uv": [ 2.0, 13.2, 3.0, 13.5 ] },
                "down": { "texture": "#knife", "uv": [ 0.0, 1.0, 1.0, 2.0 ] }
            }
        }
    ],
    "display": {
        "head": {
            "rotation": [ 0, 0, 0 ],
            "translation": [ 0, 0, 0 ],
            "scale":[ 1, 1, 1 ]
        },
		"gui": {
            "rotation": [ 90, 135, -90 ],
            "translation": [ -2.5, 1.5, 0 ],
            "scale":[ 1, 1, 1 ]
        },
		"firstperson_righthand": {
			"rotation": [ 270, 30, 180 ],
			"translation": [ 0, 2, 2 ],
			"scale":[ 0.6, 0.6, 0.6 ]
        },
		"thirdperson_righthand": {
			"rotation": [ 270, 0, 180 ],
			"translation": [ 0, 2, 3 ],
			"scale":[ 0.6, 0.6, 0.6 ]
        }
    }
}