{
	"textures": {
		"yellow": "custom/road_roller/yellow",
		"sofa": "custom/road_roller/sofa",
		"wheel": "custom/road_roller/wheel",
		"bar": "custom/road_roller/bar"
	},
	"elements": [
		{
			"name": "wheel",
			"from": [ -4.0, -5.5, 12.7 ], 
			"to": [ 20.0, 0.5, 27.3 ], 
			"rotation": { "origin": [ 8.0, -2.5, 20.0 ], "axis": "x", "angle": -22.5 },
			"faces": {
				"north": { "texture": "#wheel", "uv": [ 0.0, 0.0, 16.0, 16.0 ] },
				"east": { "texture": "#wheel", "uv": [ 0.0, 0.0, 16.0, 16.0 ] },
				"south": { "texture": "#wheel", "uv": [ 0.0, 0.0, 16.0, 16.0 ] },
				"west": { "texture": "#wheel", "uv": [ 0.0, 0.0, 16.0, 16.0 ] },
				"up": { "texture": "#wheel", "uv": [ 0.0, 0.0, 16.0, 16.0 ] },
				"down": { "texture": "#wheel", "uv": [ 0.0, 0.0, 16.0, 16.0 ] }
			}
		},
		{
			"name": "wheel",
			"from": [ -4.0, -5.5, 12.7 ], 
			"to": [ 20.0, 0.5, 27.3 ], 
			"rotation": { "origin": [ 8.0, -2.5, 20.0 ], "axis": "x", "angle": 22.5 },
			"faces": {
				"north": { "texture": "#wheel", "uv": [ 0.0, 0.0, 16.0, 16.0 ] },
				"east": { "texture": "#wheel", "uv": [ 0.0, 0.0, 16.0, 16.0 ] },
				"south": { "texture": "#wheel", "uv": [ 0.0, 0.0, 16.0, 16.0 ] },
				"west": { "texture": "#wheel", "uv": [ 0.0, 0.0, 16.0, 16.0 ] },
				"up": { "texture": "#wheel", "uv": [ 0.0, 0.0, 16.0, 16.0 ] },
				"down": { "texture": "#wheel", "uv": [ 0.0, 0.0, 16.0, 16.0 ] }
			}
		},
		{
			"name": "wheel",
			"from": [ -4.0, -9.8, 17.0 ], 
			"to": [ 20.0, 4.8, 23.0 ], 
			"rotation": { "origin": [ 8.0, -2.5, 20.0 ], "axis": "x", "angle": -22.5 },
			"faces": {
				"north": { "texture": "#wheel", "uv": [ 0.0, 0.0, 16.0, 16.0 ] },
				"east": { "texture": "#wheel", "uv": [ 0.0, 0.0, 16.0, 16.0 ] },
				"south": { "texture": "#wheel", "uv": [ 0.0, 0.0, 16.0, 16.0 ] },
				"west": { "texture": "#wheel", "uv": [ 0.0, 0.0, 16.0, 16.0 ] },
				"up": { "texture": "#wheel", "uv": [ 0.0, 0.0, 16.0, 16.0 ] },
				"down": { "texture": "#wheel", "uv": [ 0.0, 0.0, 16.0, 16.0 ] }
			}
		},
		{
			"name": "wheel",
			"from": [ -4.0, -9.8, 17.0 ], 
			"to": [ 20.0, 4.8, 23.0 ], 
			"rotation": { "origin": [ 8.0, -2.5, 20.0 ], "axis": "x", "angle": 22.5 },
			"faces": {
				"north": { "texture": "#wheel", "uv": [ 0.0, 0.0, 16.0, 16.0 ] },
				"east": { "texture": "#wheel", "uv": [ 0.0, 0.0, 16.0, 16.0 ] },
				"south": { "texture": "#wheel", "uv": [ 0.0, 0.0, 16.0, 16.0 ] },
				"west": { "texture": "#wheel", "uv": [ 0.0, 0.0, 16.0, 16.0 ] },
				"up": { "texture": "#wheel", "uv": [ 0.0, 0.0, 16.0, 16.0 ] },
				"down": { "texture": "#wheel", "uv": [ 0.0, 0.0, 16.0, 16.0 ] }
			}
		},
		{
			"name": "Cube",
			"from": [ -2.0, -5.5, 10.0 ], 
			"to": [ 18.0, 8.5, 30.0 ], 
			"faces": {
				"north": { "texture": "#yellow", "uv": [ 0.0, 0.0, 16.0, 16.0 ] },
				"east": { "texture": "#yellow", "uv": [ 0.0, 0.0, 16.0, 16.0 ] },
				"south": { "texture": "#yellow", "uv": [ 0.0, 0.0, 16.0, 16.0 ] },
				"west": { "texture": "#yellow", "uv": [ 0.0, 0.0, 16.0, 16.0 ] },
				"up": { "texture": "#yellow", "uv": [ 0.0, 0.0, 16.0, 16.0 ] },
				"down": { "texture": "#yellow", "uv": [ 0.0, 0.0, 16.0, 16.0 ] }
			}
		},
		{
			"name": "Cube",
			"from": [ 1.0, 8.5, 13.0 ], 
			"to": [ 15.0, 12.5, 27.0 ], 
			"faces": {
				"north": { "texture": "#yellow", "uv": [ 0.0, 0.0, 16.0, 16.0 ] },
				"east": { "texture": "#yellow", "uv": [ 0.0, 0.0, 16.0, 16.0 ] },
				"south": { "texture": "#yellow", "uv": [ 0.0, 0.0, 16.0, 16.0 ] },
				"west": { "texture": "#yellow", "uv": [ 0.0, 0.0, 16.0, 16.0 ] },
				"up": { "texture": "#yellow", "uv": [ 0.0, 0.0, 16.0, 16.0 ] },
				"down": { "texture": "#yellow", "uv": [ 0.0, 0.0, 16.0, 16.0 ] }
			}
		},
		{
			"name": "Cube",
			"from": [ 2.0, -3.5, 30.0 ], 
			"to": [ 14.0, 4.5, 32.0 ], 
			"faces": {
				"north": { "texture": "#yellow", "uv": [ 0.0, 0.0, 16.0, 16.0 ] },
				"east": { "texture": "#yellow", "uv": [ 0.0, 0.0, 16.0, 16.0 ] },
				"south": { "texture": "#yellow", "uv": [ 0.0, 0.0, 16.0, 16.0 ] },
				"west": { "texture": "#yellow", "uv": [ 0.0, 0.0, 16.0, 16.0 ] },
				"up": { "texture": "#yellow", "uv": [ 0.0, 0.0, 16.0, 16.0 ] },
				"down": { "texture": "#yellow", "uv": [ 0.0, 0.0, 16.0, 16.0 ] }
			}
		},
		{
			"name": "Cube",
			"from": [ -5.5, 1.0, 16.0 ], 
			"to": [ 1.0, 10.0, 24.0 ], 
			"faces": {
				"north": { "texture": "#yellow", "uv": [ 0.0, 0.0, 16.0, 16.0 ] },
				"east": { "texture": "#yellow", "uv": [ 0.0, 0.0, 16.0, 16.0 ] },
				"south": { "texture": "#yellow", "uv": [ 0.0, 0.0, 16.0, 16.0 ] },
				"west": { "texture": "#yellow", "uv": [ 0.0, 0.0, 16.0, 16.0 ] },
				"up": { "texture": "#yellow", "uv": [ 0.0, 0.0, 16.0, 16.0 ] },
				"down": { "texture": "#yellow", "uv": [ 0.0, 0.0, 16.0, 16.0 ] }
			}
		},
		{
			"name": "Cube",
			"from": [ 15.0, 1.0, 16.0 ], 
			"to": [ 21.5, 10.0, 24.0 ], 
			"faces": {
				"north": { "texture": "#yellow", "uv": [ 0.0, 0.0, 16.0, 16.0 ] },
				"east": { "texture": "#yellow", "uv": [ 0.0, 0.0, 16.0, 16.0 ] },
				"south": { "texture": "#yellow", "uv": [ 0.0, 0.0, 16.0, 16.0 ] },
				"west": { "texture": "#yellow", "uv": [ 0.0, 0.0, 16.0, 16.0 ] },
				"up": { "texture": "#yellow", "uv": [ 0.0, 0.0, 16.0, 16.0 ] },
				"down": { "texture": "#yellow", "uv": [ 0.0, 0.0, 16.0, 16.0 ] }
			}
		},
		{
			"name": "Cube",
			"from": [ -5.0, -3.5, 18.0 ], 
			"to": [ -4.0, 0.5, 22.0 ], 
			"faces": {
				"north": { "texture": "#yellow", "uv": [ 0.0, 0.0, 16.0, 16.0 ] },
				"east": { "texture": "#yellow", "uv": [ 0.0, 0.0, 16.0, 16.0 ] },
				"south": { "texture": "#yellow", "uv": [ 0.0, 0.0, 16.0, 16.0 ] },
				"west": { "texture": "#yellow", "uv": [ 0.0, 0.0, 16.0, 16.0 ] },
				"up": { "texture": "#yellow", "uv": [ 0.0, 0.0, 16.0, 16.0 ] },
				"down": { "texture": "#yellow", "uv": [ 0.0, 0.0, 16.0, 16.0 ] }
			}
		},
		{
			"name": "Cube",
			"from": [ 20.0, -3.5, 18.0 ], 
			"to": [ 21.0, 0.5, 22.0 ], 
			"faces": {
				"north": { "texture": "#yellow", "uv": [ 0.0, 0.0, 16.0, 16.0 ] },
				"east": { "texture": "#yellow", "uv": [ 0.0, 0.0, 16.0, 16.0 ] },
				"south": { "texture": "#yellow", "uv": [ 0.0, 0.0, 16.0, 16.0 ] },
				"west": { "texture": "#yellow", "uv": [ 0.0, 0.0, 16.0, 16.0 ] },
				"up": { "texture": "#yellow", "uv": [ 0.0, 0.0, 16.0, 16.0 ] },
				"down": { "texture": "#yellow", "uv": [ 0.0, 0.0, 16.0, 16.0 ] }
			}
		},
		{
			"name": "Cube",
			"from": [ -5.0, -3.0, 11.0 ], 
			"to": [ -2.0, 0.0, 18.0 ], 
			"faces": {
				"north": { "texture": "#yellow", "uv": [ 0.0, 0.0, 16.0, 16.0 ] },
				"east": { "texture": "#yellow", "uv": [ 0.0, 0.0, 16.0, 16.0 ] },
				"south": { "texture": "#yellow", "uv": [ 0.0, 0.0, 16.0, 16.0 ] },
				"west": { "texture": "#yellow", "uv": [ 0.0, 0.0, 16.0, 16.0 ] },
				"up": { "texture": "#yellow", "uv": [ 0.0, 0.0, 16.0, 16.0 ] },
				"down": { "texture": "#yellow", "uv": [ 0.0, 0.0, 16.0, 16.0 ] }
			}
		},
		{
			"name": "Cube",
			"from": [ 18.0, -3.0, 11.0 ], 
			"to": [ 21.0, 0.0, 18.0 ], 
			"faces": {
				"north": { "texture": "#yellow", "uv": [ 0.0, 0.0, 16.0, 16.0 ] },
				"east": { "texture": "#yellow", "uv": [ 0.0, 0.0, 16.0, 16.0 ] },
				"south": { "texture": "#yellow", "uv": [ 0.0, 0.0, 16.0, 16.0 ] },
				"west": { "texture": "#yellow", "uv": [ 0.0, 0.0, 16.0, 16.0 ] },
				"up": { "texture": "#yellow", "uv": [ 0.0, 0.0, 16.0, 16.0 ] },
				"down": { "texture": "#yellow", "uv": [ 0.0, 0.0, 16.0, 16.0 ] }
			}
		},
		{
			"name": "center",
			"from": [ 0.0, -2.0, 0.0 ], 
			"to": [ 16.0, 5.0, 10.0 ], 
			"faces": {
				"north": { "texture": "#yellow", "uv": [ 0.0, 0.0, 16.0, 16.0 ] },
				"east": { "texture": "#yellow", "uv": [ 0.0, 0.0, 16.0, 16.0 ] },
				"south": { "texture": "#yellow", "uv": [ 0.0, 0.0, 16.0, 16.0 ] },
				"west": { "texture": "#yellow", "uv": [ 0.0, 0.0, 16.0, 16.0 ] },
				"up": { "texture": "#yellow", "uv": [ 0.0, 0.0, 16.0, 16.0 ] },
				"down": { "texture": "#yellow", "uv": [ 0.0, 0.0, 16.0, 16.0 ] }
			}
		},
		{
			"name": "sofa",
			"from": [ 0.0, 5.0, 0.0 ], 
			"to": [ 16.0, 8.0, 8.0 ], 
			"faces": {
				"north": { "texture": "#sofa", "uv": [ 0.0, 0.0, 16.0, 16.0 ] },
				"east": { "texture": "#sofa", "uv": [ 0.0, 0.0, 16.0, 16.0 ] },
				"south": { "texture": "#sofa", "uv": [ 0.0, 0.0, 16.0, 16.0 ] },
				"west": { "texture": "#sofa", "uv": [ 0.0, 0.0, 16.0, 16.0 ] },
				"up": { "texture": "#sofa", "uv": [ 0.0, 0.0, 16.0, 16.0 ] },
				"down": { "texture": "#sofa", "uv": [ 0.0, 0.0, 16.0, 16.0 ] }
			}
		},
		{
			"name": "sofa",
			"from": [ 0.0, 8.0, 0.0 ], 
			"to": [ 16.0, 14.0, 3.0 ], 
			"faces": {
				"north": { "texture": "#sofa", "uv": [ 0.0, 0.0, 16.0, 16.0 ] },
				"east": { "texture": "#sofa", "uv": [ 0.0, 0.0, 16.0, 16.0 ] },
				"south": { "texture": "#sofa", "uv": [ 0.0, 0.0, 16.0, 16.0 ] },
				"west": { "texture": "#sofa", "uv": [ 0.0, 0.0, 16.0, 16.0 ] },
				"up": { "texture": "#sofa", "uv": [ 0.0, 0.0, 16.0, 16.0 ] },
				"down": { "texture": "#sofa", "uv": [ 0.0, 0.0, 16.0, 16.0 ] }
			}
		},
		{
			"name": "Cube",
			"from": [ -2.0, -4.0, -12.0 ], 
			"to": [ 18.0, 10.0, 0.0 ], 
			"faces": {
				"north": { "texture": "#yellow", "uv": [ 0.0, 0.0, 16.0, 16.0 ] },
				"east": { "texture": "#yellow", "uv": [ 0.0, 0.0, 16.0, 16.0 ] },
				"south": { "texture": "#yellow", "uv": [ 0.0, 0.0, 16.0, 16.0 ] },
				"west": { "texture": "#yellow", "uv": [ 0.0, 0.0, 16.0, 16.0 ] },
				"up": { "texture": "#yellow", "uv": [ 0.0, 0.0, 16.0, 16.0 ] },
				"down": { "texture": "#yellow", "uv": [ 0.0, 0.0, 16.0, 16.0 ] }
			}
		},
		{
			"name": "Cube",
			"from": [ -1.99, -4.0, -12.0 ], 
			"to": [ 17.99, 15.0, -4.0 ], 
			"rotation": { "origin": [ 8.0, 15.0, -12.0 ], "axis": "x", "angle": 22.5 },
			"faces": {
				"north": { "texture": "#yellow", "uv": [ 0.0, 0.0, 16.0, 16.0 ] },
				"east": { "texture": "#yellow", "uv": [ 0.0, 0.0, 16.0, 16.0 ] },
				"south": { "texture": "#yellow", "uv": [ 0.0, 0.0, 16.0, 16.0 ] },
				"west": { "texture": "#yellow", "uv": [ 0.0, 0.0, 16.0, 16.0 ] },
				"up": { "texture": "#yellow", "uv": [ 0.0, 0.0, 16.0, 16.0 ] },
				"down": { "texture": "#yellow", "uv": [ 0.0, 0.0, 16.0, 16.0 ] }
			}
		},
		{
			"name": "wheel",
			"from": [ -4.0, -4.5, -15.8 ], 
			"to": [ 20.0, 2.5, 1.2 ], 
			"rotation": { "origin": [ -5.0, -1.0, -7.3 ], "axis": "x", "angle": -22.5 },
			"faces": {
				"north": { "texture": "#wheel", "uv": [ 0.0, 0.0, 16.0, 16.0 ] },
				"east": { "texture": "#wheel", "uv": [ 0.0, 0.0, 16.0, 16.0 ] },
				"south": { "texture": "#wheel", "uv": [ 0.0, 0.0, 16.0, 16.0 ] },
				"west": { "texture": "#wheel", "uv": [ 0.0, 0.0, 16.0, 16.0 ] },
				"up": { "texture": "#wheel", "uv": [ 0.0, 0.0, 16.0, 16.0 ] },
				"down": { "texture": "#wheel", "uv": [ 0.0, 0.0, 16.0, 16.0 ] }
			}
		},
		{
			"name": "wheel",
			"from": [ -4.0, -4.5, -15.8 ], 
			"to": [ 20.0, 2.5, 1.2 ], 
			"rotation": { "origin": [ -5.0, -1.0, -7.3 ], "axis": "x", "angle": 22.5 },
			"faces": {
				"north": { "texture": "#wheel", "uv": [ 0.0, 0.0, 16.0, 16.0 ] },
				"east": { "texture": "#wheel", "uv": [ 0.0, 0.0, 16.0, 16.0 ] },
				"south": { "texture": "#wheel", "uv": [ 0.0, 0.0, 16.0, 16.0 ] },
				"west": { "texture": "#wheel", "uv": [ 0.0, 0.0, 16.0, 16.0 ] },
				"up": { "texture": "#wheel", "uv": [ 0.0, 0.0, 16.0, 16.0 ] },
				"down": { "texture": "#wheel", "uv": [ 0.0, 0.0, 16.0, 16.0 ] }
			}
		},
		{
			"name": "wheel",
			"from": [ -4.0, -9.5, -10.8 ], 
			"to": [ 20.0, 7.5, -3.8 ], 
			"rotation": { "origin": [ -5.0, -1.0, -7.3 ], "axis": "x", "angle": -22.5 },
			"faces": {
				"north": { "texture": "#wheel", "uv": [ 0.0, 0.0, 16.0, 16.0 ] },
				"east": { "texture": "#wheel", "uv": [ 0.0, 0.0, 16.0, 16.0 ] },
				"south": { "texture": "#wheel", "uv": [ 0.0, 0.0, 16.0, 16.0 ] },
				"west": { "texture": "#wheel", "uv": [ 0.0, 0.0, 16.0, 16.0 ] },
				"up": { "texture": "#wheel", "uv": [ 0.0, 0.0, 16.0, 16.0 ] },
				"down": { "texture": "#wheel", "uv": [ 0.0, 0.0, 16.0, 16.0 ] }
			}
		},
		{
			"name": "wheel",
			"from": [ -4.0, -9.5, -10.8 ], 
			"to": [ 20.0, 7.5, -3.8 ], 
			"rotation": { "origin": [ -5.0, -1.0, -7.3 ], "axis": "x", "angle": 22.5 },
			"faces": {
				"north": { "texture": "#wheel", "uv": [ 0.0, 0.0, 16.0, 16.0 ] },
				"east": { "texture": "#wheel", "uv": [ 0.0, 0.0, 16.0, 16.0 ] },
				"south": { "texture": "#wheel", "uv": [ 0.0, 0.0, 16.0, 16.0 ] },
				"west": { "texture": "#wheel", "uv": [ 0.0, 0.0, 16.0, 16.0 ] },
				"up": { "texture": "#wheel", "uv": [ 0.0, 0.0, 16.0, 16.0 ] },
				"down": { "texture": "#wheel", "uv": [ 0.0, 0.0, 16.0, 16.0 ] }
			}
		},
		{
			"name": "Cube",
			"from": [ -2.0, -1.0, -12.0 ], 
			"to": [ 18.0, 15.0, -3.0 ], 
			"faces": {
				"north": { "texture": "#yellow", "uv": [ 0.0, 0.0, 16.0, 16.0 ] },
				"east": { "texture": "#yellow", "uv": [ 0.0, 0.0, 16.0, 16.0 ] },
				"south": { "texture": "#yellow", "uv": [ 0.0, 0.0, 16.0, 16.0 ] },
				"west": { "texture": "#yellow", "uv": [ 0.0, 0.0, 16.0, 16.0 ] },
				"up": { "texture": "#yellow", "uv": [ 0.0, 0.0, 16.0, 16.0 ] },
				"down": { "texture": "#yellow", "uv": [ 0.0, 0.0, 16.0, 16.0 ] }
			}
		},
		{
			"name": "bar",
			"from": [ -1.0, 10.0, -2.0 ], 
			"to": [ 0.0, 19.0, -1.0 ], 
			"faces": {
				"north": { "texture": "#bar", "uv": [ 0.0, 0.0, 16.0, 16.0 ] },
				"east": { "texture": "#bar", "uv": [ 0.0, 0.0, 16.0, 16.0 ] },
				"south": { "texture": "#bar", "uv": [ 0.0, 0.0, 16.0, 16.0 ] },
				"west": { "texture": "#bar", "uv": [ 0.0, 0.0, 16.0, 16.0 ] },
				"up": { "texture": "#bar", "uv": [ 0.0, 0.0, 16.0, 16.0 ] },
				"down": { "texture": "#bar", "uv": [ 0.0, 0.0, 16.0, 16.0 ] }
			}
		},
		{
			"name": "bar",
			"from": [ 16.0, 10.0, -2.0 ], 
			"to": [ 17.0, 19.0, -1.0 ], 
			"faces": {
				"north": { "texture": "#bar", "uv": [ 0.0, 0.0, 16.0, 16.0 ] },
				"east": { "texture": "#bar", "uv": [ 0.0, 0.0, 16.0, 16.0 ] },
				"south": { "texture": "#bar", "uv": [ 0.0, 0.0, 16.0, 16.0 ] },
				"west": { "texture": "#bar", "uv": [ 0.0, 0.0, 16.0, 16.0 ] },
				"up": { "texture": "#bar", "uv": [ 0.0, 0.0, 16.0, 16.0 ] },
				"down": { "texture": "#bar", "uv": [ 0.0, 0.0, 16.0, 16.0 ] }
			}
		},
		{
			"name": "bar",
			"from": [ 16.0, 15.0, -10.0 ], 
			"to": [ 17.0, 19.0, -9.0 ], 
			"faces": {
				"north": { "texture": "#bar", "uv": [ 0.0, 0.0, 16.0, 16.0 ] },
				"east": { "texture": "#bar", "uv": [ 0.0, 0.0, 16.0, 16.0 ] },
				"south": { "texture": "#bar", "uv": [ 0.0, 0.0, 16.0, 16.0 ] },
				"west": { "texture": "#bar", "uv": [ 0.0, 0.0, 16.0, 16.0 ] },
				"up": { "texture": "#bar", "uv": [ 0.0, 0.0, 16.0, 16.0 ] },
				"down": { "texture": "#bar", "uv": [ 0.0, 0.0, 16.0, 16.0 ] }
			}
		},
		{
			"name": "bar",
			"from": [ -1.0, 15.0, -10.0 ], 
			"to": [ 0.0, 19.0, -9.0 ], 
			"faces": {
				"north": { "texture": "#bar", "uv": [ 0.0, 0.0, 16.0, 16.0 ] },
				"east": { "texture": "#bar", "uv": [ 0.0, 0.0, 16.0, 16.0 ] },
				"south": { "texture": "#bar", "uv": [ 0.0, 0.0, 16.0, 16.0 ] },
				"west": { "texture": "#bar", "uv": [ 0.0, 0.0, 16.0, 16.0 ] },
				"up": { "texture": "#bar", "uv": [ 0.0, 0.0, 16.0, 16.0 ] },
				"down": { "texture": "#bar", "uv": [ 0.0, 0.0, 16.0, 16.0 ] }
			}
		},
		{
			"name": "bar",
			"from": [ -1.0, 18.0, -9.0 ], 
			"to": [ 0.0, 19.0, -2.0 ], 
			"faces": {
				"north": { "texture": "#bar", "uv": [ 0.0, 0.0, 16.0, 16.0 ] },
				"east": { "texture": "#bar", "uv": [ 0.0, 0.0, 16.0, 16.0 ] },
				"south": { "texture": "#bar", "uv": [ 0.0, 0.0, 16.0, 16.0 ] },
				"west": { "texture": "#bar", "uv": [ 0.0, 0.0, 16.0, 16.0 ] },
				"up": { "texture": "#bar", "uv": [ 0.0, 0.0, 16.0, 16.0 ] },
				"down": { "texture": "#bar", "uv": [ 0.0, 0.0, 16.0, 16.0 ] }
			}
		},
		{
			"name": "bar",
			"from": [ 16.0, 18.0, -9.0 ], 
			"to": [ 17.0, 19.0, -2.0 ], 
			"faces": {
				"north": { "texture": "#bar", "uv": [ 0.0, 0.0, 16.0, 16.0 ] },
				"east": { "texture": "#bar", "uv": [ 0.0, 0.0, 16.0, 16.0 ] },
				"south": { "texture": "#bar", "uv": [ 0.0, 0.0, 16.0, 16.0 ] },
				"west": { "texture": "#bar", "uv": [ 0.0, 0.0, 16.0, 16.0 ] },
				"up": { "texture": "#bar", "uv": [ 0.0, 0.0, 16.0, 16.0 ] },
				"down": { "texture": "#bar", "uv": [ 0.0, 0.0, 16.0, 16.0 ] }
			}
		},
		{
			"name": "bar",
			"from": [ 0.0, 18.0, -2.0 ], 
			"to": [ 16.0, 19.0, -1.0 ], 
			"faces": {
				"north": { "texture": "#bar", "uv": [ 0.0, 0.0, 16.0, 16.0 ] },
				"east": { "texture": "#bar", "uv": [ 0.0, 0.0, 16.0, 16.0 ] },
				"south": { "texture": "#bar", "uv": [ 0.0, 0.0, 16.0, 16.0 ] },
				"west": { "texture": "#bar", "uv": [ 0.0, 0.0, 16.0, 16.0 ] },
				"up": { "texture": "#bar", "uv": [ 0.0, 0.0, 16.0, 16.0 ] },
				"down": { "texture": "#bar", "uv": [ 0.0, 0.0, 16.0, 16.0 ] }
			}
		},
		{
			"name": "Cube",
			"from": [ -6.0, -4.0, -10.0 ], 
			"to": [ 14.0, 11.0, -3.0 ], 
			"faces": {
				"north": { "texture": "#yellow", "uv": [ 0.0, 0.0, 16.0, 16.0 ] },
				"east": { "texture": "#yellow", "uv": [ 0.0, 0.0, 16.0, 16.0 ] },
				"south": { "texture": "#yellow", "uv": [ 0.0, 0.0, 16.0, 16.0 ] },
				"west": { "texture": "#yellow", "uv": [ 0.0, 0.0, 16.0, 16.0 ] },
				"up": { "texture": "#yellow", "uv": [ 0.0, 0.0, 16.0, 16.0 ] },
				"down": { "texture": "#yellow", "uv": [ 0.0, 0.0, 16.0, 16.0 ] }
			}
		},
		{
			"name": "Cube",
			"from": [ 2.0, -4.0, -10.0 ], 
			"to": [ 22.0, 11.0, -3.0 ], 
			"faces": {
				"north": { "texture": "#yellow", "uv": [ 0.0, 0.0, 16.0, 16.0 ] },
				"east": { "texture": "#yellow", "uv": [ 0.0, 0.0, 16.0, 16.0 ] },
				"south": { "texture": "#yellow", "uv": [ 0.0, 0.0, 16.0, 16.0 ] },
				"west": { "texture": "#yellow", "uv": [ 0.0, 0.0, 16.0, 16.0 ] },
				"up": { "texture": "#yellow", "uv": [ 0.0, 0.0, 16.0, 16.0 ] },
				"down": { "texture": "#yellow", "uv": [ 0.0, 0.0, 16.0, 16.0 ] }
			}
		}
	],
	"display": {
		"gui": {
			"rotation": [ 90, 90, -90 ],
			"translation": [ 0.2, 1.5, 0 ],
			"scale":[ 0.3, 0.3, 0.3 ]
		},
		"ground": {
			"rotation": [ 0, 0, 0 ],
			"translation": [ 0, 4, 0 ],
			"scale":[ 0.3, 0.3, 0.3 ]
		},
		"head": {
			"rotation": [ 0, 0, 0 ],
			"translation": [ 0, 16, 0 ],
			"scale":[ 3, 3, 3 ]
		},
		"thirdperson_righthand": {
			"rotation": [ 0, 0, 0 ],
			"translation": [ 0, 0, 0 ],
			"scale": [ 0, 0, 0 ]
		},
		"firstperson_righthand": {
			"rotation": [ 165, 0, 180 ],
			"translation": [ 0, 3.5, 0.5 ],
			"scale": [ 0.1, 0.1, 0.1 ]
		}
	}
}