{
	"parent": "item/generated",
	"textures": {
		"layer0": "custom/sikame"
	},
	"display": {
	"gui": {
		"rotation": [ 0, 0, 0 ],
		"translation": [ 0, 0, 0 ],
		"scale":[ 0.8, 0.8, 0.8 ]
	},
	"ground": {
		"rotation": [ 0, 0, 0 ],
		"translation": [ 0, 2, 0],
		"scale":[ 0.8, 0.8, 0.8 ]
	},
	"head": {
		"rotation": [ 0, 0, 0 ],
		"translation": [ 0, -0.5, -7],
		"scale":[ 0.7, 0.7, 0.7 ]
	},
	"thirdperson_righthand": {
		"rotation": [ 0, 0, 0 ],
		"translation": [ 0, 0, 0 ],
		"scale": [ 0.6, 0.6, 0.6 ]
	},
	"firstperson_righthand": {
        "rotation": [ 0, 0, 0 ],
        "translation": [ 0, 4, 0 ],
        "scale": [ 0.6, 0.6, 0.6 ]
    }
	}
}
