{
	"textures": {
		"yellow": "custom/zawarudo/yellow",
		"face": "custom/zawarudo/face",
		"face_side": "custom/zawarudo/face_side",
		"eye": "custom/zawarudo/eye",
		"heart": "custom/zawarudo/heart",
		"body_front": "custom/zawarudo/body_front",
		"body_back": "custom/zawarudo/body_back",
		"tube": "custom/zawarudo/tube",
		"hand": "custom/zawarudo/hand_animation"
	},
	"elements": [
		{
			"name": "body",
			"from": [ 4.0, 11.5, 6.0 ], 
			"to": [ 12.0, 23.5, 10.0 ], 
			"faces": {
				"north": { "texture": "#body_back", "uv": [ 0.0, 0.0, 10.0, 15.0 ] },
				"east": { "texture": "#body_front", "uv": [ 12.0, 0.0, 16.0, 15.0 ] },
				"south": { "texture": "#body_front", "uv": [ 0.0, 0.0, 11.0, 15.0 ] },
				"west": { "texture": "#body_front", "uv": [ 16.0, 0.0, 12.0, 15.0 ] },
				"up": { "texture": "#body_front", "uv": [ 15.0, 0.0, 16.0, 1.0 ] },
				"down": { "texture": "#body_front", "uv": [ 15.0, 0.0, 16.0, 1.0 ] }
			}
		},
		{
			"name": "head",
			"from": [ 6.0, 23.5, 6.0 ], 
			"to": [ 10.0, 27.5, 10.5 ], 
			"faces": {
				"north": { "texture": "#face_side", "uv": [ 0.0, 0.0, 16.0, 16.0 ] },
				"east": { "texture": "#face_side", "uv": [ 0.0, 0.0, 16.0, 16.0 ] },
				"south": { "texture": "#face", "uv": [ 0.0, 0.0, 16.0, 16.0 ] },
				"west": { "texture": "#face_side", "uv": [ 0.0, 0.0, 16.0, 16.0 ] },
				"up": { "texture": "#face_side", "uv": [ 0.0, 0.0, 16.0, 16.0 ] },
				"down": { "texture": "#face_side", "uv": [ 0.0, 0.0, 16.0, 16.0 ] }
			}
		},
		{
			"name": "helmet",
			"from": [ 5.5, 26.0, 5.5 ], 
			"to": [ 10.5, 29.5, 11.0 ], 
			"faces": {
				"north": { "texture": "#yellow", "uv": [ 14.0, 2.0, 16.0, 4.0 ] },
				"east": { "texture": "#yellow", "uv": [ 12.0, 2.0, 14.0, 4.0 ] },
				"south": { "texture": "#yellow", "uv": [ 10.0, 2.0, 12.0, 4.0 ] },
				"west": { "texture": "#yellow", "uv": [ 8.0, 2.0, 10.0, 4.0 ] },
				"up": { "texture": "#yellow", "uv": [ 10.0, 0.0, 12.0, 2.0 ] },
				"down": { "texture": "#yellow", "uv": [ 12.0, 2.0, 14.0, 0.0 ] }
			}
		},
		{
			"name": "helmet",
			"from": [ 6.0, 26.0, 8.5 ], 
			"to": [ 8.7, 29.5, 11.5 ], 
			"rotation": { "origin": [ 7.0, 28.5, 10.0 ], "axis": "y", "angle": -22.5 },
			"faces": {
				"north": { "texture": "#yellow", "uv": [ 14.0, 2.0, 16.0, 4.0 ] },
				"east": { "texture": "#yellow", "uv": [ 12.0, 2.0, 14.0, 4.0 ] },
				"south": { "texture": "#eye", "uv": [ 9.0, 0.0, 0.0, 12.5 ] },
				"west": { "texture": "#yellow", "uv": [ 8.0, 2.0, 10.0, 4.0 ] },
				"up": { "texture": "#yellow", "uv": [ 10.0, 0.0, 12.0, 2.0 ] },
				"down": { "texture": "#yellow", "uv": [ 12.0, 2.0, 14.0, 0.0 ] }
			}
		},
		{
			"name": "helmet",
			"from": [ 7.3, 26.0, 8.5 ], 
			"to": [ 10.0, 29.5, 11.5 ], 
			"rotation": { "origin": [ 9.0, 28.5, 10.0 ], "axis": "y", "angle": 22.5 },
			"faces": {
				"north": { "texture": "#yellow", "uv": [ 14.0, 2.0, 16.0, 4.0 ] },
				"east": { "texture": "#yellow", "uv": [ 12.0, 2.0, 14.0, 4.0 ] },
				"south": { "texture": "#eye", "uv": [ 0.0, 0.0, 9.0, 12.5 ] },
				"west": { "texture": "#yellow", "uv": [ 8.0, 2.0, 10.0, 4.0 ] },
				"up": { "texture": "#yellow", "uv": [ 10.0, 0.0, 12.0, 2.0 ] },
				"down": { "texture": "#yellow", "uv": [ 12.0, 2.0, 14.0, 0.0 ] }
			}
		},
		{
			"name": "tube_back",
			"from": [ 5.0, 25.0, 5.0 ], 
			"to": [ 11.0, 26.0, 8.0 ], 
			"faces": {
				"north": { "texture": "#yellow", "uv": [ 0.0, 0.0, 16.0, 16.0 ] },
				"east": { "texture": "#yellow", "uv": [ 0.0, 0.0, 16.0, 16.0 ] },
				"south": { "texture": "#yellow", "uv": [ 0.0, 0.0, 16.0, 16.0 ] },
				"west": { "texture": "#yellow", "uv": [ 0.0, 0.0, 16.0, 16.0 ] },
				"up": { "texture": "#yellow", "uv": [ 0.0, 0.0, 16.0, 16.0 ] },
				"down": { "texture": "#yellow", "uv": [ 0.0, 0.0, 16.0, 16.0 ] }
			}
		},
		{
			"name": "heart",
			"from": [ 7.3, 22.9, 10.5 ], 
			"to": [ 8.7, 24.3, 10.6 ], 
			"faces": {
				"north": { "texture": "#heart", "uv": [ 0.0, 0.0, 16.0, 16.0 ] },
				"east": { "texture": "#heart", "uv": [ 0.0, 15.0, 1.0, 16.0 ] },
				"south": { "texture": "#heart", "uv": [ 0.0, 0.0, 16.0, 16.0 ] },
				"west": { "texture": "#heart", "uv": [ 0.0, 15.0, 1.0, 16.0 ] },
				"up": { "texture": "#heart", "uv": [ 0.0, 15.0, 1.0, 16.0 ] },
				"down": { "texture": "#heart", "uv": [ 0.0, 15.0, 1.0, 16.0 ] }
			}
		},
		{
			"name": "tube",
			"from": [ 4.1, 11.5, 5.0 ], 
			"to": [ 6.0, 24.5, 11.0 ], 
			"faces": {
				"north": { "texture": "#tube", "uv": [ 7.0, 0.0, 9.0, 13.0 ] },
				"east": { "texture": "#tube", "uv": [ 6.0, 0.0, 0.0, 13.0 ] },
				"south": { "texture": "#tube", "uv": [ 7.0, 0.0, 9.0, 13.0 ] },
				"west": { "texture": "#tube", "uv": [ 0.0, 0.0, 6.0, 13.0 ] },
				"up": { "texture": "#tube", "uv": [ 10.0, 0.0, 12.0, 6.0 ] },
				"down": { "texture": "#tube", "uv": [ 10.0, 0.0, 12.0, 6.0 ] }
			}
		},
		{
			"name": "tube",
			"from": [ 10.0, 11.5, 5.0 ], 
			"to": [ 11.9, 24.5, 11.0 ], 
			"faces": {
				"north": { "texture": "#tube", "uv": [ 7.0, 0.0, 9.0, 13.0 ] },
				"east": { "texture": "#tube", "uv": [ 6.0, 0.0, 0.0, 13.0 ] },
				"south": { "texture": "#tube", "uv": [ 7.0, 0.0, 9.0, 13.0 ] },
				"west": { "texture": "#tube", "uv": [ 0.0, 0.0, 6.0, 13.0 ] },
				"up": { "texture": "#tube", "uv": [ 10.0, 0.0, 12.0, 6.0 ] },
				"down": { "texture": "#tube", "uv": [ 10.0, 0.0, 12.0, 6.0 ] }
			}
		},
		{
			"name": "back",
			"from": [ 5.0, 19.0, 3.5 ], 
			"to": [ 7.0, 25.0, 5.5 ], 
			"faces": {
				"north": { "texture": "#yellow", "uv": [ 0.0, 0.0, 2.0, 6.0 ] },
				"east": { "texture": "#yellow", "uv": [ 0.0, 0.0, 2.0, 6.0 ] },
				"south": { "texture": "#yellow", "uv": [ 0.0, 0.0, 2.0, 6.0 ] },
				"west": { "texture": "#yellow", "uv": [ 0.0, 0.0, 2.0, 6.0 ] },
				"up": { "texture": "#yellow", "uv": [ 0.0, 0.0, 2.0, 2.0 ] },
				"down": { "texture": "#yellow", "uv": [ 0.0, 0.0, 2.0, 2.0 ] }
			}
		},
		{
			"name": "back",
			"from": [ 9.0, 19.0, 3.5 ], 
			"to": [ 11.0, 25.0, 5.5 ], 
			"faces": {
				"north": { "texture": "#yellow", "uv": [ 0.0, 0.0, 2.0, 6.0 ] },
				"east": { "texture": "#yellow", "uv": [ 0.0, 0.0, 2.0, 6.0 ] },
				"south": { "texture": "#yellow", "uv": [ 0.0, 0.0, 2.0, 6.0 ] },
				"west": { "texture": "#yellow", "uv": [ 0.0, 0.0, 2.0, 6.0 ] },
				"up": { "texture": "#yellow", "uv": [ 0.0, 0.0, 2.0, 2.0 ] },
				"down": { "texture": "#yellow", "uv": [ 0.0, 0.0, 2.0, 2.0 ] }
			}
		},
		{
			"name": "waist",
			"from": [ 3.5, 9.0, 4.99 ], 
			"to": [ 12.5, 13.0, 11.01 ], 
			"faces": {
				"north": { "texture": "#yellow", "uv": [ 0.0, 0.0, 10.0, 4.0 ] },
				"east": { "texture": "#yellow", "uv": [ 0.0, 0.0, 6.0, 4.0 ] },
				"south": { "texture": "#yellow", "uv": [ 0.0, 0.0, 10.0, 4.0 ] },
				"west": { "texture": "#yellow", "uv": [ 0.0, 0.0, 6.0, 4.0 ] },
				"up": { "texture": "#yellow", "uv": [ 0.0, 0.0, 10.0, 6.0 ] },
				"down": { "texture": "#yellow", "uv": [ 0.0, 0.0, 10.0, 6.0 ] }
			}
		},
		{
			"name": "heart",
			"from": [ 7.0, 11.5, 11.0 ], 
			"to": [ 9.0, 13.5, 11.1 ], 
			"faces": {
				"north": { "texture": "#heart", "uv": [ 0.0, 0.0, 16.0, 16.0 ] },
				"east": { "texture": "#heart", "uv": [ 0.0, 15.0, 1.0, 16.0 ] },
				"south": { "texture": "#heart", "uv": [ 0.0, 0.0, 16.0, 16.0 ] },
				"west": { "texture": "#heart", "uv": [ 0.0, 15.0, 1.0, 16.0 ] },
				"up": { "texture": "#heart", "uv": [ 0.0, 15.0, 1.0, 16.0 ] },
				"down": { "texture": "#heart", "uv": [ 0.0, 15.0, 1.0, 16.0 ] }
			}
		},
		{
			"name": "heart",
			"from": [ 6.7, 9.0, 11.0 ], 
			"to": [ 9.3, 11.6, 11.1 ], 
			"faces": {
				"north": { "texture": "#heart", "uv": [ 0.0, 0.0, 16.0, 16.0 ] },
				"east": { "texture": "#heart", "uv": [ 0.0, 15.0, 1.0, 16.0 ] },
				"south": { "texture": "#heart", "uv": [ 0.0, 0.0, 16.0, 16.0 ] },
				"west": { "texture": "#heart", "uv": [ 0.0, 15.0, 1.0, 16.0 ] },
				"up": { "texture": "#heart", "uv": [ 0.0, 15.0, 1.0, 16.0 ] },
				"down": { "texture": "#heart", "uv": [ 0.0, 15.0, 1.0, 16.0 ] }
			}
		},
		{
			"name": "r_leg_b",
			"from": [ 4.0, 1.0, 5.5 ], 
			"to": [ 9.0, 10.5, 10.5 ], 
			"rotation": { "origin": [ 7.5, 10.0, 8.5 ], "axis": "z", "angle": -45.0 },
			"faces": {
				"north": { "texture": "#yellow", "uv": [ 1.0, 5.0, 0.0, 8.0 ] },
				"east": { "texture": "#yellow", "uv": [ 0.0, 5.0, 1.0, 8.0 ] },
				"south": { "texture": "#yellow", "uv": [ 1.0, 5.0, 2.0, 8.0 ] },
				"west": { "texture": "#yellow", "uv": [ 0.0, 5.0, 1.0, 8.0 ] },
				"up": { "texture": "#yellow", "uv": [ 1.0, 4.0, 2.0, 5.0 ] },
				"down": { "texture": "#yellow", "uv": [ 2.0, 4.0, 3.0, 5.0 ] }
			}
		},
		{
			"name": "r_leg",
			"from": [ -1.0, -2.0, 6.0 ], 
			"to": [ 3.0, 6.0, 10.0 ], 
			"faces": {
				"north": { "texture": "#yellow", "uv": [ 0.0, 0.0, 4.0, 8.0 ] },
				"east": { "texture": "#yellow", "uv": [ 0.0, 0.0, 4.0, 8.0 ] },
				"south": { "texture": "#yellow", "uv": [ 0.0, 0.0, 4.0, 8.0 ] },
				"west": { "texture": "#yellow", "uv": [ 0.0, 0.0, 4.0, 8.0 ] },
				"up": { "texture": "#yellow", "uv": [ 0.0, 0.0, 4.0, 4.0 ] },
				"down": { "texture": "#yellow", "uv": [ 0.0, 0.0, 4.0, 4.0 ] }
			}
		},
		{
			"name": "l_leg_b",
			"from": [ 8.0, 2.0, 5.5 ], 
			"to": [ 13.0, 11.5, 10.5 ], 
			"rotation": { "origin": [ 10.5, 10.0, 8.5 ], "axis": "z", "angle": 45.0 },
			"faces": {
				"north": { "texture": "#yellow", "uv": [ 0.0, 5.0, 1.0, 8.0 ] },
				"east": { "texture": "#yellow", "uv": [ 0.0, 5.0, 1.0, 8.0 ] },
				"south": { "texture": "#yellow", "uv": [ 2.0, 5.0, 1.0, 8.0 ] },
				"west": { "texture": "#yellow", "uv": [ 0.0, 5.0, 1.0, 8.0 ] },
				"up": { "texture": "#yellow", "uv": [ 1.0, 4.0, 2.0, 5.0 ] },
				"down": { "texture": "#yellow", "uv": [ 2.0, 4.0, 3.0, 5.0 ] }
			}
		},
		{
			"name": "l_leg",
			"from": [ 13.5, -2.0, 6.0 ], 
			"to": [ 17.5, 6.0, 10.0 ], 
			"faces": {
				"north": { "texture": "#yellow", "uv": [ 0.0, 0.0, 4.0, 8.0 ] },
				"east": { "texture": "#yellow", "uv": [ 0.0, 0.0, 4.0, 8.0 ] },
				"south": { "texture": "#yellow", "uv": [ 0.0, 0.0, 4.0, 8.0 ] },
				"west": { "texture": "#yellow", "uv": [ 0.0, 0.0, 4.0, 8.0 ] },
				"up": { "texture": "#yellow", "uv": [ 0.0, 0.0, 4.0, 4.0 ] },
				"down": { "texture": "#yellow", "uv": [ 0.0, 0.0, 4.0, 4.0 ] }
			}
		},
		{
			"name": "shoulder",
			"from": [ -0.5, 19.0, 5.5 ], 
			"to": [ 4.5, 24.0, 10.5 ], 
			"faces": {
				"north": { "texture": "#yellow", "uv": [ 0.0, 0.0, 5.0, 5.0 ] },
				"east": { "texture": "#yellow", "uv": [ 0.0, 0.0, 5.0, 5.0 ] },
				"south": { "texture": "#yellow", "uv": [ 0.0, 0.0, 5.0, 5.0 ] },
				"west": { "texture": "#yellow", "uv": [ 0.0, 0.0, 5.0, 5.0 ] },
				"up": { "texture": "#yellow", "uv": [ 0.0, 0.0, 5.0, 5.0 ] },
				"down": { "texture": "#yellow", "uv": [ 0.0, 0.0, 5.0, 5.0 ] }
			}
		},
		{
			"name": "shoulder",
			"from": [ 11.5, 19.0, 5.5 ], 
			"to": [ 16.5, 24.0, 10.5 ], 
			"faces": {
				"north": { "texture": "#yellow", "uv": [ 0.0, 0.0, 5.0, 5.0 ] },
				"east": { "texture": "#yellow", "uv": [ 0.0, 0.0, 5.0, 5.0 ] },
				"south": { "texture": "#yellow", "uv": [ 0.0, 0.0, 5.0, 5.0 ] },
				"west": { "texture": "#yellow", "uv": [ 0.0, 0.0, 5.0, 5.0 ] },
				"up": { "texture": "#yellow", "uv": [ 0.0, 0.0, 5.0, 5.0 ] },
				"down": { "texture": "#yellow", "uv": [ 0.0, 0.0, 5.0, 5.0 ] }
			}
		},
		{
			"name": "heart",
			"from": [ -1.5, 3.5, 6.5 ], 
			"to": [ -1.4, 6.5, 9.5 ], 
			"faces": {
				"north": { "texture": "#heart", "uv": [ 0.0, 15.0, 1.0, 16.0 ] },
				"east": { "texture": "#heart", "uv": [ 0.0, 0.0, 16.0, 16.0 ] },
				"south": { "texture": "#heart", "uv": [ 0.0, 15.0, 1.0, 16.0 ] },
				"west": { "texture": "#heart", "uv": [ 0.0, 0.0, 16.0, 16.0 ] },
				"up": { "texture": "#heart", "uv": [ 0.0, 15.0, 1.0, 16.0 ] },
				"down": { "texture": "#heart", "uv": [ 0.0, 15.0, 1.0, 16.0 ] }
			}
		},
		{
			"name": "heart",
			"from": [ 18.0, 3.5, 6.5 ], 
			"to": [ 18.1, 6.5, 9.5 ], 
			"faces": {
				"north": { "texture": "#heart", "uv": [ 0.0, 15.0, 1.0, 16.0 ] },
				"east": { "texture": "#heart", "uv": [ 0.0, 0.0, 16.0, 16.0 ] },
				"south": { "texture": "#heart", "uv": [ 0.0, 15.0, 1.0, 16.0 ] },
				"west": { "texture": "#heart", "uv": [ 0.0, 0.0, 16.0, 16.0 ] },
				"up": { "texture": "#heart", "uv": [ 0.0, 15.0, 1.0, 16.0 ] },
				"down": { "texture": "#heart", "uv": [ 0.0, 15.0, 1.0, 16.0 ] }
			}
		},
		{
			"name": "r_hand_b1",
			"from": [ 0.0, 19.5, 10.0 ], 
			"to": [ 4.0, 23.5, 18.0 ], 
			"rotation": { "origin": [ 2.0, 21.5, 8.0 ], "axis": "y", "angle": -22.5 },
			"faces": {
				"north": { "texture": "#hand", "uv": [ 13.0, 0.0, 15.0, 2.0 ] },
				"east": { "texture": "#hand", "uv": [ 2.0, 0.0, 12.0, 2.0 ] },
				"south": { "texture": "#hand", "uv": [ 13.0, 0.0, 15.0, 2.0 ] },
				"west": { "texture": "#hand", "uv": [ 12.0, 0.0, 2.0, 2.0 ] },
				"up": { "texture": "#hand", "uv": [ 2.0, 0.0, 12.0, 2.0 ] },
				"down": { "texture": "#hand", "uv": [ 12.0, 0.0, 2.0, 2.0 ] }
			}
		},
		{
			"name": "r_hand_1",
			"from": [ -3.5, 19.5, 16.0 ], 
			"to": [ 0.5, 23.5, 24.0 ], 
			"faces": {
				"north": { "texture": "#hand", "uv": [ 13.0, 0.0, 15.0, 2.0 ] },
				"east": { "texture": "#hand", "uv": [ 0.0, 0.0, 12.0, 2.0 ] },
				"south": { "texture": "#hand", "uv": [ 13.0, 0.0, 15.0, 2.0 ] },
				"west": { "texture": "#hand", "uv": [ 12.0, 0.0, 0.0, 2.0 ] },
				"up": { "texture": "#hand", "uv": [ 0.0, 0.0, 12.0, 2.0 ] },
				"down": { "texture": "#hand", "uv": [ 12.0, 0.0, 0.0, 2.0 ] }
			}
		},
		{
			"name": "l_hand_b2",
			"from": [ 12.0, 19.5, 10.0 ], 
			"to": [ 16.0, 23.5, 18.0 ], 
			"rotation": { "origin": [ 14.0, 21.5, 8.0 ], "axis": "y", "angle": 22.5 },
			"faces": {
				"north": { "texture": "#hand", "uv": [ 13.0, 14.0, 15.0, 16.0 ] },
				"east": { "texture": "#hand", "uv": [ 2.0, 14.0, 12.0, 16.0 ] },
				"south": { "texture": "#hand", "uv": [ 13.0, 14.0, 15.0, 16.0 ] },
				"west": { "texture": "#hand", "uv": [ 12.0, 14.0, 2.0, 16.0 ] },
				"up": { "texture": "#hand", "uv": [ 2.0, 14.0, 12.0, 16.0 ] },
				"down": { "texture": "#hand", "uv": [ 12.0, 14.0, 2.0, 16.0 ] }
			}
		},
		{
			"name": "l_hand_2",
			"from": [ 15.5, 19.5, 16.0 ], 
			"to": [ 19.5, 23.5, 24.0 ], 
			"faces": {
				"north": { "texture": "#hand", "uv": [ 13.0, 14.0, 15.0, 16.0 ] },
				"east": { "texture": "#hand", "uv": [ 0.0, 14.0, 12.0, 16.0 ] },
				"south": { "texture": "#hand", "uv": [ 13.0, 14.0, 15.0, 16.0 ] },
				"west": { "texture": "#hand", "uv": [ 12.0, 14.0, 0.0, 16.0 ] },
				"up": { "texture": "#hand", "uv": [ 0.0, 14.0, 12.0, 16.0 ] },
				"down": { "texture": "#hand", "uv": [ 12.0, 14.0, 0.0, 16.0 ] }
			}
		},
		{
			"name": "shadow1",
			"from": [ 0.0, 23.0, 13.0 ], 
			"to": [ 4.0, 27.0, 23.0 ], 
			"rotation": { "origin": [ 2.0, 25.0, 14.0 ], "axis": "x", "angle": -22.5 },
			"faces": {
				"north": { "texture": "#hand", "uv": [ 13.0, 2.0, 15.0, 4.0 ] },
				"east": { "texture": "#hand", "uv": [ 0.0, 2.0, 12.0, 4.0 ] },
				"south": { "texture": "#hand", "uv": [ 13.0, 2.0, 15.0, 4.0 ] },
				"west": { "texture": "#hand", "uv": [ 12.0, 2.0, 0.0, 4.0 ] },
				"up": { "texture": "#hand", "uv": [ 0.0, 2.0, 12.0, 4.0 ] },
				"down": { "texture": "#hand", "uv": [ 12.0, 2.0, 0.0, 4.0 ] }
			}
		},
		{
			"name": "shadow2",
			"from": [ 10.0, 22.0, 12.0 ], 
			"to": [ 14.0, 26.0, 22.0 ], 
			"faces": {
				"north": { "texture": "#hand", "uv": [ 13.0, 4.0, 15.0, 6.0 ] },
				"east": { "texture": "#hand", "uv": [ 0.0, 4.0, 12.0, 6.0 ] },
				"south": { "texture": "#hand", "uv": [ 13.0, 4.0, 15.0, 6.0 ] },
				"west": { "texture": "#hand", "uv": [ 12.0, 4.0, 0.0, 6.0 ] },
				"up": { "texture": "#hand", "uv": [ 0.0, 4.0, 12.0, 6.0 ] },
				"down": { "texture": "#hand", "uv": [ 12.0, 4.0, 0.0, 6.0 ] }
			}
		},
		{
			"name": "shadow3",
			"from": [ 10.0, 14.0, 12.0 ], 
			"to": [ 14.0, 18.0, 23.0 ], 
			"rotation": { "origin": [ 12.0, 16.0, 12.0 ], "axis": "x", "angle": 22.5 },
			"faces": {
				"north": { "texture": "#hand", "uv": [ 13.0, 6.0, 15.0, 8.0 ] },
				"east": { "texture": "#hand", "uv": [ 0.0, 6.0, 12.0, 8.0 ] },
				"south": { "texture": "#hand", "uv": [ 13.0, 6.0, 15.0, 8.0 ] },
				"west": { "texture": "#hand", "uv": [ 12.0, 6.0, 0.0, 8.0 ] },
				"up": { "texture": "#hand", "uv": [ 0.0, 6.0, 12.0, 8.0 ] },
				"down": { "texture": "#hand", "uv": [ 12.0, 6.0, 0.0, 8.0 ] }
			}
		},
		{
			"name": "shadow4",
			"from": [ 1.0, 13.0, 12.0 ], 
			"to": [ 5.0, 17.0, 23.0 ], 
			"faces": {
				"north": { "texture": "#hand", "uv": [ 13.0, 8.0, 15.0, 10.0 ] },
				"east": { "texture": "#hand", "uv": [ 0.0, 8.0, 12.0, 10.0 ] },
				"south": { "texture": "#hand", "uv": [ 13.0, 8.0, 15.0, 10.0 ] },
				"west": { "texture": "#hand", "uv": [ 12.0, 8.0, 0.0, 10.0 ] },
				"up": { "texture": "#hand", "uv": [ 0.0, 8.0, 12.0, 10.0 ] },
				"down": { "texture": "#hand", "uv": [ 12.0, 8.0, 0.0, 10.0 ] }
			}
		}
	],
	"display": {
		"gui": {
			"rotation": [ 30, 45, 0 ],
			"translation": [ -2, -2, 0 ],
			"scale":[ 0.5, 0.5, 0.5 ]
		},
		"ground": {
			"rotation": [ 0, 0, 0 ],
			"translation": [ 0, 4, 0 ],
			"scale":[ 0.6, 0.6, 0.6 ]
		},
		"head": {
			"rotation": [ 0, 0, 0 ],
			"translation": [ 0, -28, 0 ],
			"scale":[ 1.5, 1.5, 1.5 ]
		},
		"thirdperson_righthand": {
			"rotation": [ 0, 0, 0 ],
			"translation": [ 0, 0, 0 ],
			"scale": [ 0, 0, 0 ]
		},
		"firstperson_righthand": {
			"rotation": [ 195, 240, 195 ],
			"translation": [ 0, 3, 1.5 ],
			"scale": [ 0.1, 0.1, 0.1 ]
		}
	}
}