{
	"forge_marker": 1,
	"defaults": {
		"model": "builtin/generated",
		"textures": {
			"layer0": "blocks/dirt"
		},

		"transform": "forge:default-item"
	},

	"variants": {
		"chest": [{
			"textures": {
				"layer0": "starpack:items/hyperdrive_uniform/chest"
			}
		}],

		"legs": [{
			"textures": {
				"layer0": "starpack:items/hyperdrive_uniform/legs"
			}
		}],

		"feet": [{
			"textures": {
				"layer0": "starpack:items/hyperdrive_uniform/boots"
			}
		}]
	}
}