{
	"name" : {
		"translate": "suumpack.superpower.venom"
	},

	"icon": {
		"type": "texture",
		"texture": "suumpack:textures/gui/venom_icon.png"
	},
	
	"max_level": 1,
	
	"capsule_color" : 657930,
	
	"abilities": [
		{
			"ability": "lucraftcore:toggle_power",
			"key": 1,
			"abilities": [ "lucraftcore:strength", "lucraftcore:health", "lucraftcore:skin_change", "lucraftcore:fall_resistance" ],
			"icon": {
				"type": "texture",
				"texture": "suumpack:textures/gui/venomtransformation_icon.png"
			}
		},
		{
			"ability": "lucraftcore:strength",
			"factor": 10,
			"operation": 0,
			"uuid": "2145e01b-30bf-434d-b7e1-994dacc52f19"
		},
		{
			"ability": "lucraftcore:health",
			"factor": 15,
			"operation": 0,
			"uuid": "2145e01b-30bf-434d-b7e1-994dacc52f19"
		},
		{
			"ability": "lucraftcore:fall_resistance",
			"factor": 100,
			"operation": 0,
			"uuid": "2145e01b-30bf-434d-b7e1-994dacc52f19"
		}
	],
	
    "effects": [
        {
        "type": "skin_change",
        "texture": "suumpack:textures/models/venom.png",
        "conditions": [
    {
        "type": "ability_enabled",
        "ability": "lucraftcore:toggle_power"
    }
]
        }
    ]
}    