{
	"name": {
		"text": "One for all"
	},

	"icon": {
		"type": "texture",
		"texture": "mha:textures/icons/icon.png"
	},

	"max_level": 1,

	"capsule_color": 3194271,

	"effects": [{
		"type": "flickering",
		"color": [0, 1, 0.50],
		"conditions": [{
			"type": "ability_enabled",
			"ability": "lucraftcore:toggle_power"
		}]
	}],

	"abilities": [{
			"ability": "lucraftcore:toggle_power",
			"key": 1,
			"abilities": ["lucraftcore:strength", "lucraftcore:sprint", "lucraftcore:jump_boost", "lucraftcore:fall_resistance"],
			"icon": {
				"type": "texture",
				"texture": "mha:textures/icons/5%.png"
			}
		},
		{
			"ability": "lucraftcore:sprint",
			"factor": 5,
			"operation": 0,
			"uuid": "a4c84681-f5e7-402e-860c-d16fd63fb071"
		},
		{
			"ability": "lucraftcore:strength",
			"factor": 5,
			"operation": 0,
			"uuid": "a4c84681-f5e7-402e-860c-d16fd63fb071"
		},
		{
			"ability": "lucraftcore:jump_boost",
			"factor": 5,
			"operation": 0,
			"uuid": "a4c84681-f5e7-402e-860c-d16fd63fb071"
		},
		{
			"ability": "lucraftcore:fall_resistance",
			"factor": 5,
			"operation": 0,
			"uuid": "a4c84681-f5e7-402e-860c-d16fd63fb071"
		}

	]
}