{
    "forge_marker": 1,
    "defaults": {
        "model": "builtin/generated",
        "textures": {
            "layer0": "blocks/dirt"
        },

        "transform": "forge:default-item"
    },

    "variants": {
        "head": [{
            "textures": {
                "layer0": "ninjago:items/samuraix2017/helmet"
            }
        }],
        
        "chest": [{
            "textures": {
                "layer0": "ninjago:items/samuraix2017/chest"
            }
        }],

        "legs": [{
            "textures": {
                "layer0": "ninjago:items/samuraix2017/legs"
            }
        }],

        "feet": [{
            "textures": {
                "layer0": "ninjago:items/samuraix2017/boots"
            }
        }]
    }
}