{
	"forge_marker": 1,
	"defaults": {
		"model": "builtin/generated",
		"textures": {
			"layer0": "blocks/dirt"
		},

		"transform": "forge:default-item"
	},

	"variants": {	
			
		"chest": [{
			"textures": {
				"layer0": "mhapack:items/ua_schooluniform/chestplate"
			}
		}],

		"legs": [{
			"textures": {
				"layer0": "mhapack:items/ua_schooluniform/legs"
			}
		}],

		"feet": [{
			"textures": {
				"layer0": "mhapack:items/ua_schooluniform/boots"
			}
		}]
	}
}