{
  "name": {
    "text": "Mark 2"
  },
  "textures": {
    "normal": "iron_legion:textures/models/suits/mark_2/suit.png",
    "glow": "iron_legion:textures/models/suits/mark_2/suit_glow.png"
  },
  "parts": {
    "helmet": {
      "enabled": true,
      "durability": 512,
      "damage_reduction": 3.0
    },
    "faceplate": {
      "enabled": true,
      "hud": true,
      "durability": 512,
      "damage_reduction": 3.0
    },
    "chest": {
      "enabled": true,
      "durability": 1024,
      "damage_reduction": 6.0
    },
    "right_arm": {
      "enabled": true,
      "durability": 768,
      "damage_reduction": 4.5,
      "horizontal_flying_speed": 1.3
    },
    "left_arm": {
      "enabled": true,
      "durability": 768,
      "damage_reduction": 4.5,
      "horizontal_flying_speed": 1.3
    },
    "right_leg": {
      "enabled": true,
      "durability": 768,
      "damage_reduction": 4.5,
      "vertical_flying_speed": 1.5
    },
    "left_leg": {
      "enabled": true,
      "durability": 768,
      "damage_reduction": 4.5,
      "vertical_flying_speed": 1.5
    }
  }
}