{
	"name": {
		"text": "Spider-Man 2099"
	},

	"description": {
		"text": "All-New, All-Different"
	},
	
	"armor_material": {
		"durability": 500,
		"damage_reduction_amounts": [5, 8, 6, 2],
		"enchantibility": 8,
		"toughness": 0.0,
		"sound": "item.armor.equip_generic"
	},

	"creative_tab": "spiderverse",

	"data": {
		"spider_sense": true
	},
	
	"armor_parts": {

		"head": {
			"openable": false,
			"glow": false,
			"name": {
				"text": "Spider-Man 2099's Mask"
			},
			"textures": {
				"normal": "spiderverse:textures/models/2099newmask.png"
			},
			"item_texture": {
				"blockstate": "spiderverse:2099new"
			}
		},	
		"chest": {
			"openable": false,
			"glow": false,
			"name": {
				"text": "Spider-Man 2099's Suit"
			},
			"textures": {
				"normal": "spiderverse:textures/models/2099newsuit.png"
			},
			"item_texture": {
				"blockstate": "spiderverse:2099new"
			}
		}
	},

	"effects": [
		{
			"type": "blade",
			"conditions": [
				{
					"type": "ability_enabled",
					"ability": "speedsterheroes:blade"
				}
			]
		},
		{
			"type": "trail",
			"trail_type": "normal",
			"color": [1, 1, 1],
			"conditions": [
				{
					"type": "moving"
				}
			]
		},
		{
			"type": "trail",
			"trail_type": "lightnings",
			"color": [0.71, 0.09, 0.09],
			"conditions": [
				{
					"type": "moving"
				}
			]
		}
	],

	"abilities": [
		{
			"ability": "heroesexpansion:web_wings"
		},
		{
			"ability": "speedsterheroes:blade"
		},
		{
			"ability": "speedsterheroes:water_running",
			"speed": 10
		},
		{
			"ability": "lucraftcore:sprint",
			"factor": 2,
			"operation": 1,
			"uuid": "bd1ac2a4-e9e3-4ffc-81d8-df12e1a8002e"
		}
	]
}