{
	"name": {
		"text": "Spider-Gwen"
	},
	
	"armor_material": {
		"durability": 500,
		"damage_reduction_amounts": [5, 8, 6, 2],
		"enchantibility": 8,
		"toughness": 0.0,
		"sound": "item.armor.equip_generic"
	},

	"creative_tab": "spiderverse",

	"data": {
		"spider_sense": true
	},
	
	"armor_parts": {

		"head": {
			"openable": true,
			"glow": false,
			"name": {
				"text": "Spider-Gwen Mask"
			},
			"textures": {
				"normal": "spiderverse:textures/models/gwenmask.png",
				"normal_open": "spiderverse:textures/models/gwenunmask.png"
			},
			"item_texture": {
				"blockstate": "spiderverse:gwen"
			}
		},	
		"chest": {
			"openable": true,
			"glow": false,
			"name": {
				"text": "Spider-Gwen Suit"
			},
			"textures": {
				"normal": "spiderverse:textures/models/gwen.png",
				"normal_open": "spiderverse:textures/models/gwenunhood.png"
			},
			"item_texture": {
				"blockstate": "spiderverse:gwen"
			}
		},
		"feet": {
			"openable": false,
			"glow": false,
			"name": {
				"text": "Spider-Gwen Shoes"
			},
			"textures": {
				"normal": "spiderverse:textures/models/gwenboots.png"
			},
			"item_texture": {
				"blockstate": "spiderverse:gwen"
			}
		}
	},
	"abilities": [
		{
			"ability": "heroesexpansion:web_wings"
		}
	]
}