{
	"name": {
		"text": "Spider-Man Noir"
	},
	
	"armor_material": {
		"durability": 500,
		"damage_reduction_amounts": [5, 8, 6, 2],
		"enchantibility": 8,
		"toughness": 0.0,
		"sound": "item.armor.equip_generic"
	},

	"creative_tab": "spiderverse",

	"data": {
		"spider_sense": true
	},
	
	"armor_parts": {

		"head": {
			"openable": false,
			"glow": false,
			"name": {
				"text": "Spider-Man Noir's Mask"
			},
			"textures": {
				"normal": "spiderverse:textures/models/noirmask.png"
			},
			"item_texture": {
				"blockstate": "spiderverse:noir"
			}
		},	
		"chest": {
			"openable": false,
			"glow": false,
			"name": {
				"text": "Spider-Man Noir's Chestpiece"
			},
			"textures": {
				"normal": "spiderverse:textures/models/noirchest.png"
			},
			"item_texture": {
				"blockstate": "spiderverse:noir"
			}
		},
		"legs": {
			"openable": false,
			"glow": false,
			"name": {
				"text": "Spider-Man Noir's Pants"
			},
			"textures": {
				"normal": "spiderverse:textures/models/noirlegs.png"
			},
			"item_texture": {
				"blockstate": "spiderverse:noir"
			}
		}
	},

	"effects": [
		{
			"type": "trail",
			"trail_type": "normal",
			"color": [0, 0, 0],
			"conditions": [
				{
					"type": "ability_enabled",
					"ability": "lucraftcore:invisibility"
				},
				{
					"type": "moving"
				}
			]
		}
	],

	"abilities": [
		{
			"ability": "lucraftcore:teleport",
			"distance": 25
		},
		{
			"ability": "lucraftcore:invisibility"
		}
	]
}