{
	"name": {
		"text": "Scarlet Spider"
	},
	
	"armor_material": {
		"durability": 500,
		"damage_reduction_amounts": [5, 8, 6, 2],
		"enchantibility": 8,
		"toughness": 0.0,
		"sound": "item.armor.equip_generic"
	},

	"creative_tab": "spiderverse",

	"data": {
		"spider_sense": true
	},

	"description": {
		"text": "Ben Reilly"
	},
	
	"armor_parts": {
	
		"head": {
			"openable": false,
			"glow": false,
			"name": {
				"text": "Scarlet Spider Mask"
			},
			"textures": {
				"normal": "spiderverse:textures/models/scarletmask.png"
			},
			"item_texture": {
				"blockstate": "spiderverse:scarlet"
			}
		},
		"chest": {
			"openable": false,
			"glow": false,
			"name": {
				"text": "Scarlet Spider Suit"
			},
			"textures": {
				"normal": "spiderverse:textures/models/scarletsuit.png"
			},
			"item_texture": {
				"blockstate": "spiderverse:scarlet"
			}
		}
	}
}