{
	"name": {
		"text": "Scarlet Spider"
	},
	
	"armor_material": {
		"durability": 500,
		"damage_reduction_amounts": [5, 8, 6, 2],
		"enchantibility": 8,
		"toughness": 0.0,
		"sound": "item.armor.equip_generic"
	},

	"creative_tab": "spiderverse",

	"data": {
		"spider_sense": true
	},

	"description": {
		"text": "Kaine Parker"
	},
	
	"armor_parts": {
	
		"head": {
			"openable": false,
			"glow": false,
			"name": {
				"text": "Scarlet Spider Mask"
			},
			"textures": {
				"normal": "spiderverse:textures/models/scarlet2mask.png"
			},
			"item_texture": {
				"blockstate": "spiderverse:scarlet2"
			}
		},
		"chest": {
			"openable": false,
			"glow": false,
			"name": {
				"text": "Scarlet Spider Suit"
			},
			"textures": {
				"normal": "spiderverse:textures/models/scarlet2suit.png"
			},
			"item_texture": {
				"blockstate": "spiderverse:scarlet2"
			}
		}
	},
	"abilities": [
		{
			"ability": "speedsterheroes:blade"
		}
	],
	"effects": [
		{
			"type": "blade",
			"conditions": [
				{
					"type": "ability_enabled",
					"ability": "speedsterheroes:blade"
				}
			]
		}
	]
}