{
	"parent": "heroesexpansion:black_panther",
	
	"name": {
		"text": "SP//dr"
	},

	"creative_tab": "spiderverse",
	
	"armor_material": {
		"durability": 33,
		"damage_reduction_amounts": [3, 6, 8, 3],
		"enchantibility": 10,
		"toughness": 2.0,
		"sound": "item.armor.equip_diamond"
	},
	
	"data": {
		"spider_sense": true,
		"transition_color_1": {
			"red": 144,
			"green": 24,
			"blue": 8
		},
		"transition_color_2": {
			"red": 160,
			"green": 25,
			"blue": 9
		},
		"necklace_texture": "spiderverse:textures/models/spdr_open.png"
	},
	
	"abilities": [
		{
			"ability": "lucraftcore:health",
			"uuid": "081fed18-4ec9-468c-96f7-eabb56886427",
			"factor": 2,
			"operation": 2
		},
		{
			"ability": "lucraftcore:strength",
			"uuid": "167ca886-53ed-43f9-ba6c-02a1a7d492e6",
			"factor": 2,
			"operation": 2
		},
		{
			"ability": "lucraftcore:jump_boost",
			"uuid": "8741028d-52e5-40de-a98e-d123c4e182c5",
			"factor": 10,
			"operation": 0
		},
		{
			"ability": "lucraftcore:fall_resistance",
			"uuid": "4346738d-470e-48cd-82bb-84b407868f08",
			"factor": 10,
			"operation": 0
		},
		{
			"ability": "lucraftcore:sprint",
			"factor": 2,
			"operation": 1,
			"uuid": "bd1ac2a4-e9e3-4ffc-81d8-df12e1a8002e"
		},
		{
			"ability": "lucraftcore:tough_lungs"
		},
		{
			"ability": "lucraftcore:water_breathing"
		},
		{
			"ability": "heroesexpansion:wall_crawling"
		},
		{
			"ability": "heroesexpansion:spider_sense"
		},
		{
			"ability": "lucraftcore:size_change",
			"size": 2
		},
		{
			"ability": "lucraftcore:healing",
			"frequency": 20,
			"amount": 1
		}
	],
	
	"armor_parts": {
		
		"chest": {
			"openable": true,
			"glow": false,
			"name": {
				"text": "SP//dr"
			},
			"textures": {
				"normal": "spiderverse:textures/models/spdr.png"
			},
			"item_texture": {
				"blockstate": "spiderverse:spdr"
			}
		}
	}
}