{
	"parent": "heroesexpansion:black_panther",
	
	"name": {
		"text": "SavitarCW"
	}, 
	
	"description": {
		"text": "CW"
	},
	
	"effects": [
	    {
      "type": "blade",
      "conditions": [
        {
          "type": "ability_enabled",
          "ability": "speedsterheroes:blade"
        }
      ]
    },
		{
			"type": "glowing_hand",
			"color": [0, 1, 1],
			"size": 1.1,
			"conditions": [
				{
					"type": "ability_enabled",
					"ability": "heroesexpansion:god_mode"
				}
			]
		},
		{
			"type": "name_change",
			"name": {
				"text": "Savitar"
			},
			"conditions": [
				{
					"type": "open_armor",
					"slot": "chest"
				}
			]
		}
	],

	"creative_tab": "compressedsuits",
	
	"armor_material": {
		"durability": 33,
		"damage_reduction_amounts": [3, 6, 8, 3],
		"enchantibility": 10,
		"toughness": 2.0,
		"sound": "item.armor.equip_diamond"
	},
	
	"data": {
		"transition_color_1": {
			"red": 82,
			"green": 82,
			"blue": 82
		},
		"transition_color_2": {
			"red": 54,
			"green": 205,
			"blue": 216
		},
	    "trail": {
			"red": 0,
			"green": 1,
			"blue": 1
		},
		"flicker": {
			"red": 0,
			"green": 1,
			"blue": 1
		},		
		"necklace_texture": "compressedsuits:textures/models/general.png"
	},	
	
	"abilities": [
		{
			"ability": "lucraftcore:strength",
			"uuid": "167ca886-53ed-43f9-ba6c-02a1a7d492e6",
			"factor": 2,
			"operation": 2
		},
		{
			"ability": "lucraftcore:fire_resistance"
		},
		{
			"ability": "lucraftcore:jump_boost",
			"factor": 2,
			"operation": 0,
			"uuid": "2145e01b-30bf-434d-b7e1-994dacc52f19"
		},
		{
			"ability": "lucraftcore:healing",
			"frequency": 10,
			"amount": 5
		},
		{
			"ability": "lucraftcore:fall_resistance",
			"factor": 10,
			"operation": 0,
			"uuid": "b2930a55-fa9d-4124-bb58-2ba3169d1495"
		},
		{
			"ability": "lucraftcore:knockback_resistance",
			"factor": 10,
			"operation": 0,
			"uuid": "b2930a55-fa9d-4124-bb58-2ba3169d1495"
		},
		{
			"ability": "lucraftcore:punch",
			"factor": 10,
			"operation": 0,
			"uuid": "b2930a55-fa9d-4124-bb58-2ba3169d1495"	
		},
		{
      "ability": "speedsterheroes:blade"
    }		
	],
	
	"armor_parts": {
		
		"chest": {
			"openable": true,
			"glow": false,
			"name": {
				"text": "Savitar"
			},
			"textures": {
				"normal": "compressedsuits:textures/models/savitarvar2.png"
			},
			"item_texture": {
				"blockstate": "compressedsuits:savitar"
			}
		}
	}
}