{
	"name" : {
		"text": "Shazam"
	},

	"icon": {
		"type": "texture",
		"texture": "dfheroes:textures/icons/shazam_icon.png"
	},
	
	"max_level": 1,
	
	"capsule_color" : 16770048,
	
	"abilities": [
		{
			"ability": "heroesexpansion:god_mode",
			"title": {"text":"SHAZAM"},
			"damage": 0,
			"icon": {
						"type": "texture",
						"texture": "dfheroes:textures/icons/shazam_icon.png"
					}
		},
		{
			"ability": "lucraftcore:toggle_power",
			"title": {"text":"Super Speed"},
			"required_ability": "god_mode",
			"icon": {
						"type": "texture",
						"texture": "dfheroes:textures/icons/speedforce_icon.png"
					}
		},
		{
			"ability": "lucraftcore:sprint",
			"amount": 8,
			"operation": 0,
			"uuid": "b2930a55-fa9d-4124-bb58-2ba3169d1495",
			"required_ability": "toggle_power"
		},
		{
			"ability": "heroesexpansion:energy_absorption",
			"required_ability": "god_mode",
			"title": {"text":"Hood"},
			"max_energy": 0,
			"max_damage": 0,
			"icon": {
						"type": "texture",
						"texture": "dfheroes:textures/skins/shazam/hood_item.png"
					}
		},
		{
			"ability": "lucraftcore:tough_lungs",
			"required_ability": "god_mode"
		},
		{
			"ability": "lucraftcore:water_breathing",
			"required_ability": "god_mode"
		},
		{
            "ability": "lucraftcore:fire_resistance",
			"required_ability": "god_mode"
		},
		{
			"ability": "lucraftcore:flight",
			"speed": 0.5,
			"sprint_speed": 3,
			"rotate_arms": true,
			"required_ability": "god_mode"
	    },
		{
			"ability": "heroesexpansion:lightning_strike",
			"cooldown": 1,
			"show_in_bar": false,
			"required_ability": "god_mode",
			"parent_ability": "god_mode"
		},
		{
			"ability": "heroesexpansion:lightning_strike",
			"cooldown": 60,
			"title": {"text":"Lightning With My Hands!"},
			"required_ability": "god_mode"
		},
		{
            "ability": "lucraftcore:healing",
            "frequency": 10,
            "amount": 5,
			"required_ability": "god_mode"
        },
		{
			"ability": "lucraftcore:health",
			"amount": 20,
			"operation": 0,
			"uuid": "b2930a55-fa9d-4124-bb58-2ba3169d1495",
			"required_ability": "god_mode"
		},
		{
			"ability": "lucraftcore:jump_boost",
			"amount": 5.5,
			"operation": 0,
			"uuid": "b2930a55-fa9d-4124-bb58-2ba3169d1495",
			"required_ability": "god_mode"
		},
		{
			"ability": "lucraftcore:stength",
			"amount": 20,
			"operation": 0,
			"uuid": "b2930a55-fa9d-4124-bb58-2ba3169d1495"	,
			"required_ability": "god_mode"
		},
		{
			"ability": "lucraftcore:punch",
			"amount": 16,
			"operation": 0,
			"uuid": "b2930a55-fa9d-4124-bb58-2ba3169d1495",
			"required_ability": "god_mode"
		},
		{
			"ability": "lucraftcore:resistance",
			"amount": 18,
			"operation": 0,
			"uuid": "b2930a55-fa9d-4124-bb58-2ba3169d1495",
			"required_ability": "god_mode"
		},
		{
			"ability": "lucraftcore:fall_resistance",
			"amount": 30,
			"operation": 0,
			"uuid": "b2930a55-fa9d-4124-bb58-2ba3169d1495",
			"required_ability": "god_mode"
		}
    ],
	
	"effects": [
	    {
		"type": "skin_overlay",
        "texture": "dfheroes:textures/skins/shazam/suit.png",
		"glow": false,
        "size": 0.3,
		"conditions": [
				{
					"type": "ability_enabled",
					"ability": "heroesexpansion:god_mode"
				}
			]
	    },
		{
          "type": "skin_overlay",
          "texture": "dfheroes:textures/skins/shazam/glow.png",
          "glow": true,
          "size": 0.3,
		  "conditions": [
				{
					"type": "ability_enabled",
					"ability": "heroesexpansion:god_mode"
				}
			]
		},
		{
          "type": "skin_overlay",
          "texture": "dfheroes:textures/skins/shazam/hood.png",
          "glow": false,
          "size": 0.5,
		  "conditions": [
				{
					"type": "ability_enabled",
					"ability": "heroesexpansion:energy_absorption"
				}
			]
		},
		{
			"type": "name_change",
			"name": {
				"text": "⚡Shazam⚡"
			},
			"conditions": [
				{
					"type": "ability_enabled",
					"ability": "heroesexpansion:god_mode"
				}
			]
		},
		{
			"type": "trail",
			"trail_type": "lightnings",
			"color": [1,1,0],
			"use_suit_trails": true,
			"conditions": [
				{
					"type": "ability_enabled",
					"ability": "lucraftcore:toggle_power"
				},
				{
					"type": "moving"
				}
			]
		},
		{
			"type": "glowing_hand",
			"color": [0, 1, 1],
			"size": 1.2,
			"conditions": [
				{
					"type": "ability_enabled",
					"ability": "heroesexpansion:lightning_strike"
				}
			]
		}
	]
}
