{
	"name": {
		"text": "Hela"
	},
	
	"icon": {
		"type": "texture",
		"texture": "dfheroes:textures/icons/wip_icon.png"
	},
	
	"max_level": 1,
	
	"capsule_color" : 8712,

	"abilities": [
		{
			"ability": "lucraftcore:fire_resistance"
		},
		{
			"ability": "lucraftcore:tough_lungs"
		},
		{
			"ability": "lucraftcore:water_breathing"
		},
		{
            "ability": "lucraftcore:healing",
            "frequency": 10,
            "amount": 10
        },
		{
			"ability": "lucraftcore:health",
			"amount": 20,
			"operation": 0,
			"uuid": "b2930a55-fa9d-4124-bb58-2ba3169d1495"
		},
		{
			"ability": "lucraftcore:jump_boost",
			"amount": 5.5,
			"operation": 0,
			"uuid": "b2930a55-fa9d-4124-bb58-2ba3169d1495"
		},
		{
			"ability": "lucraftcore:stength",
			"amount": 20,
			"operation": 0,
			"uuid": "b2930a55-fa9d-4124-bb58-2ba3169d1495"	
		},
		{
			"ability": "lucraftcore:punch",
			"amount": 16,
			"operation": 0,
			"uuid": "b2930a55-fa9d-4124-bb58-2ba3169d1495"
		},
		{
			"ability": "lucraftcore:resistance",
			"amount": 15,
			"operation": 0,
			"uuid": "b2930a55-fa9d-4124-bb58-2ba3169d1495"
		},
		{
			"ability": "lucraftcore:fall_resistance",
			"amount": 15,
			"operation": 0,
			"uuid": "b2930a55-fa9d-4124-bb58-2ba3169d1495"
		},
		{
			"ability": "the-fifth-world:create_item",
			"cooldown": 20,
			"item": { "item": "minecraft:diamond_sword", "data": 0, "count": 1 }
		},
		{
			"ability": "the-fifth-world:create_item",
			"cooldown": 20,
			"item": { "item": "minecraft:diamond_pickaxe", "data": 0, "count": 1 }
		}
	]
}