{
    "name" : {
        "text": "Mirakuru"
    },

    "icon": {
        "type": "texture",
        "texture": "dfheroes:textures/icons/mirakuru_icon.png"
    },

    "max_level": 1,

    "capsule_color" : 5808640,

    "abilities": [
        {
            "ability": "lucraftcore:healing",
            "frequency": 10,
            "amount": 1
        },
		{
			"ability": "lucraftcore:jump_boost",
			"amount": 1.5,
			"operation": 0,
			"uuid": "b2930a55-fa9d-4124-bb58-2ba3169d1495"
		},
		{
			"ability": "lucraftcore:stength",
			"amount": 4,
			"operation": 0,
			"uuid": "b2930a55-fa9d-4124-bb58-2ba3169d1495"	
		},
		{
			"ability": "lucraftcore:punch",
			"amount": 3,
			"operation": 0,
			"uuid": "b2930a55-fa9d-4124-bb58-2ba3169d1495"	
		},
		{
			"ability": "lucraftcore:resistance",
			"amount": 4,
			"operation": 0,
			"uuid": "b2930a55-fa9d-4124-bb58-2ba3169d1495"
		},
		{
			"ability": "lucraftcore:fall_resistance",
			"amount": 3,
			"operation": 0,
			"uuid": "b2930a55-fa9d-4124-bb58-2ba3169d1495"
		},
		{
			"ability": "lucraftcore:sprint",
			"amount": 0.5,
			"operation": 0,
			"uuid": "b2930a55-fa9d-4124-bb58-2ba3169d1495"
		}
		
    ]
	
}