{
	"name" : {
		"text": "Black Adam"
	},

	"icon": {
		"type": "texture",
		"texture": "dfheroes:textures/icons/shazam_icon.png"
	},
	
	"max_level": 1,
	
	"capsule_color" : 16770048,
	
	"abilities": [
		{
			"ability": "lucraftcore:toggle_power",
			"abilities": [  ],
			"icon": {
						"type": "texture",
						"texture": "dfheroes:textures/icons/shazam_icon.png"
					}
		},
		{
			"ability": "lucraftcore:sprint",
			"amount": 8,
			"operation": 0,
			"uuid": "b2930a55-fa9d-4124-bb58-2ba3169d1495",
			"required_ability": "toggle_power"
		},
		{
			"ability": "lucraftcore:tough_lungs",
			"required_ability": "toggle_power"
		},
		{
			"ability": "lucraftcore:water_breathing",
			"required_ability": "toggle_power"
		},
		{
            "ability": "lucraftcore:fire_resistance",
			"required_ability": "toggle_power"
		},
		{
			"ability": "lucraftcore:flight",
			"speed": 0.5,
			"sprint_speed": 3,
			"rotate_arms": true,
			"required_ability": "toggle_power"
	    },
		{
			"ability": "heroesexpansion:lightning_strike",
			"cooldown": 60,
			"required_ability": "toggle_power"
		},
		{
			"ability": "heroesexpansion:lightning_attack",
			"damage": 5.0,
			"cooldown": 60,
			"required_ability": "toggle_power"
		},
		{
            "ability": "lucraftcore:healing",
            "frequency": 10,
            "amount": 5,
			"required_ability": "toggle_power"
        },
		{
			"ability": "lucraftcore:health",
			"amount": 20,
			"operation": 0,
			"uuid": "b2930a55-fa9d-4124-bb58-2ba3169d1495",
			"required_ability": "toggle_power"
		},
		{
			"ability": "lucraftcore:jump_boost",
			"amount": 5.5,
			"operation": 0,
			"uuid": "b2930a55-fa9d-4124-bb58-2ba3169d1495",
			"required_ability": "toggle_power"
		},
		{
			"ability": "lucraftcore:stength",
			"amount": 20,
			"operation": 0,
			"uuid": "b2930a55-fa9d-4124-bb58-2ba3169d1495"	,
			"required_ability": "toggle_power"
		},
		{
			"ability": "lucraftcore:punch",
			"amount": 16,
			"operation": 0,
			"uuid": "b2930a55-fa9d-4124-bb58-2ba3169d1495",
			"required_ability": "toggle_power"
		},
		{
			"ability": "lucraftcore:resistance",
			"amount": 15,
			"operation": 0,
			"uuid": "b2930a55-fa9d-4124-bb58-2ba3169d1495",
			"required_ability": "toggle_power"
		},
		{
			"ability": "lucraftcore:fall_resistance",
			"amount": 15,
			"operation": 0,
			"uuid": "b2930a55-fa9d-4124-bb58-2ba3169d1495",
			"required_ability": "toggle_power"
		}
    ],
	
	"effects": [
	    {
		"type": "skin_overlay",
        "texture": "dfheroes:textures/skins/black_adam_skin.png",
		"glow": false,
        "size": 0.0,
		"conditions": [
				{
					"type": "ability_enabled",
					"ability": "lucraftcore:toggle_power"
				}
			]
	    },
		{
          "type": "skin_overlay",
          "texture": "dfheroes:textures/skins/black_adam_glow.png",
          "glow": true,
          "size": 0.0,
		  "conditions": [
				{
					"type": "ability_enabled",
					"ability": "lucraftcore:toggle_power"
				}
			]
		}
	]
}
