{
   "name":{
      "translate":"ttcu.superpower.timelord"
   },
   "icon":{
      "type":"texture",
      "texture":"ttcu:textures/gui/timelord_icon.png"
   },
   "max_level":1,
   "capsule_color":10988032,
   "abilities":[
      {
         "ability":"lucraftcore:toggle_power",
         "key":1,
         "abilities":[
            "lucraftcore:strength",
            "lucraftcore:health"
         ],
         "icon":{
            "type":"texture",
            "texture":"ttcu:textures/gui/timelord_icon.png"
         }
      },
      {
         "ability":"lucraftcore:strength",
         "factor":2,
         "operation":0,
         "uuid":"2145e01b-30bf-434d-b7e1-994dacc52f19"
      },
      {
         "ability":"lucraftcore:health",
         "factor":20,
         "operation":0,
         "uuid":"2145e01b-30bf-434d-b7e1-994dacc52f19"
      }
   ],
   "effects":[
      {
         "type":"glowing_hand",
         "color":[
            1.0,
            1.0,
            0
         ],
         "size":1.5,
         "conditions":[
            {
               "type":"ability_enabled",
               "ability":"lucraftcore:toggle_power"
            }
         ]
      }
   ]
}