{
	"name" : {
		"translate": "Better Speedforce (Green)"
	},

	"icon": {
		"type": "texture",
		"texture": "speedsterheroes:textures/gui/speedforce_icon.png"
	},
	
	"max_level": 30,
	
	"capsule_color" : 16762880,
	
	"effects": [
		{
			"type": "glowing_hand",
			"color": [0, 1, 0],
			"size": 1.1,
			"conditions": [
				{
					"type": "ability_enabled",
					"ability": "heroesexpansion:god_mode"
				}
			]
		},
		{
			"type": "trail",
			"trail_type": "lightnings",
			"color": [0, 1, 0],
			"use_suit_trails": true,
			"conditions": [
				{
					"type": "ability_enabled",
					"ability": "speedsterheroes:super_speed"
				},
				{
					"type": "moving"
				}
			]
		},
		
		{
			"type": "flickering",
			"color": [0, 1, 0],
			"use_suit_flicker": true,
			"conditions": [
				{
					"type": "ability_enabled",
					"ability": "speedsterheroes:super_speed"
				}
				]
		},

		{
			"type": "flickering",
			"color": [0, 1, 0],
			"use_suit_flicker": true,
			"conditions": [
				{
					"type": "ability_enabled",
					"ability": "heroesexpansion:god_mode"
				}
				]
		},
		
		{
			"type": "vibrating",
			"conditions": [
				{
					"type": "ability_enabled",
					"ability": "speedsterheroes:phasing"
				}
			]
		}
	],
	
	"abilities": [
		{
			"ability": "speedsterheroes:super_speed",
			"base_speed_levels": 15
		},
		{
			"ability": "speedsterheroes:change_speed",
			"accelerate" : true
		},
		{
			"ability": "speedsterheroes:change_speed",
			"accelerate" : false
		},
		{
			"ability": "lucraftcore:healing",
			"frequency": 20,
			"amount": 1.5,
			"required_level": 1
		},
		{
			"ability": "speedsterheroes:wall_running",
			"speed": 40,
			"required_level": 5
		},
		{
			"ability": "heroesexpansion:god_mode",
			"damage": 10,
			"cooldown": 200,
			"required_level": 30
        },		
		{
			"ability": "speedsterheroes:arm_vortex",
			"cooldown": 300,
			"distance": 7,
			"required_level": 8
		},
		{
			"ability": "speedsterheroes:water_running",
			"speed": 30,
			"required_level": 11
		},
		{
			"ability": "speedsterheroes:phasing",
			"cooldown": 300,
			"required_level": 16
		},
		{
			"ability": "speedsterheroes:lightning_throw",
			"speed": 50,
			"cooldown": 300,
			"required_level": 19
		},
		{
			"ability": "speedsterheroes:dimension_breach",
			"cooldown": 300,
			"required_level": 22
		},
		{
			"ability": "speedsterheroes:time_remnant",
			"cooldown": 400,
			"required_level": 27
		},
		{
			"ability": "lucraftcore:strength",
			"factor": 5,
			"operation": 0,
			"uuid": "ff38d1b5-fd0c-4063-ae71-0838291e118e"
		},
		{
			"ability": "lucraftcore:fall_resistance",
			"factor": 2,
			"operation": 0,
			"uuid": "ff38d1b5-fd0c-4063-ae71-0838291e118e"
		}
	]
}
