{
	"name": {
		"text": "Fox's Sin of Greed"
	},

	"icon": {
		"type": "texture",
		"texture": "nnt:textures/icons/greed.png"
	},

	"max_level": 1,

	"capsule_color": 16725248,

	"effects": [
		{
			"type": "skin_overlay",
                        "texture": "nnt:textures/models/fox.png",
			"size": 0
		}
	],

	"abilities": [
		{
			"ability": "lucraftcore:healing",
			"frequency": 1,
			"amount": 1
		},
		{
			"ability": "lucraftcore:potion_punch",
			"potion": "minecraft:weakness",
			"amplifier": 2,
			"title": {
				"text": "Snatch"
			},
			"duration": 200
		},
		{
			"ability": "lucraftcore:fall_resistance",
			"factor": 230,
			"operation": 0,
			"uuid": "5bb6e406-3fc7-4992-9d63-b29b4b30d24b"

		}
	]
}