{
	"name": {
		"text": "Serpent's Sin of Envy"
	},

	"icon": {
		"type": "texture",
		"texture": "nnt:textures/icons/envy.png"
	},

	"max_level": 1,

	"capsule_color": 16749874,

	"effects": [
		{
			"type": "skin_overlay",
                        "texture": "nnt:textures/models/serpent.png",
			"size": 0
		},
		{
			"type": "skin_change",
                        "texture": "nnt:textures/models/heavy_metal.png",
			"size": 0,
			"conditions": [
				{
					"type": "ability_enabled",
					"ability": "lucraftcore:toggle_power"
				}
			]
		}
	],

	"abilities": [
		{
			"ability": "lucraftcore:toggle_power",
			"title": {
				"text": "Heavy Metal"
			},
			"icon": {
				"type": "texture",
				"texture": "nnt:textures/icons/envy.png"
			}
		},
		{
			"ability": "lucraftcore:resistance",
			"factor": 3,
			"operation": 1,
			"uuid": "b2b52eb0-66c0-42c0-9d44-b5f9cfccf157",
		    	"conditions": [
			        {
			            "type": "lucraftcore:ability",
			            "ability": "toggle_power"
				}
			]
		},
		{
			"ability": "lucraftcore:punch",
			"factor": 3,
			"operation": 1,
			"uuid": "74652a81-c63b-456b-b9a2-363328094268",
		    	"conditions": [
			        {
			            "type": "lucraftcore:ability",
			            "ability": "toggle_power"
				}
			]
		},
		{
			"ability": "lucraftcore:size_change",
			"size": 4.5
		}
	]
}