{
	"name": {
		"text": "Lion's Sin of Pride"
	},

	"icon": {
		"type": "texture",
		"texture": "nnt:textures/icons/pride.png"
	},

	"max_level": 1,

	"capsule_color": 16745216,

	"effects": [
		{
			"type": "skin_overlay",
                        "texture": "nnt:textures/models/lion.png",
			"size": 0
		}
	],

	"abilities": [
		{
			"ability": "heroesexpansion:solar_energy",
			"max_solar_energy": 100,
			"ability_values": [
				{
					"ability": "heroesexpansion:heat_vision",
					"minimum": 75,
					"amount": 1,
					"frequency": 1
				},
				{
					"ability": "lucraftcore:flight",
					"minimum": 50,
					"amount": 0,
					"frequency": 10
				},
				{
					"ability": "lucraftcore:fire_punch",
					"minimum": 50,
					"amount": 1,
					"frequency": 2
				},
				{
					"ability": "lucraftcore:fire_resistance",
					"minimum": 50,
					"amount": 0,
					"frequency": 2
				},
				{
					"ability": "lucraftcore:strength",
					"minimum": 25,
					"amount": 0,
					"frequency": 2
				},
				{
					"ability": "heroesexpansion:call_weapon",
					"minimum": 25,
					"amount": 0,
					"frequency": 2
				},
				{
					"ability": "lucraftcore:healing",
					"minimum": 25,
					"amount": 0,
					"frequency": 2
				}
			]
		},
		{
			"ability": "lucraftcore:strength",
			"factor": 16,
			"operation": 0,
			"uuid": "cdaa1998-f14d-4422-8649-58774909d200"
		},
		{
			"ability": "lucraftcore:fire_punch",
			"duration": 5
		},
		{
			"ability": "lucraftcore:fire_resistance"
		},
		{
			"ability": "lucraftcore:flight"
		},
		{
			"ability": "heroesexpansion:photon_blast",
			"color": [ 100, 50, 0 ]
		},
		{
			"ability": "heroesexpansion:call_weapon"
		},
		{
			"ability": "lucraftcore:healing",
			"frequency": 20,
			"amount": 2
		}
	]
}