{
	"name": {
		"text": "Goat's Sin of Lust"
	},

	"icon": {
		"type": "texture",
		"texture": "nnt:textures/icons/lust.png"
	},

	"max_level": 1,

	"capsule_color": 16711935,

	"effects": [
		{
			"type": "skin_overlay",
                        "texture": "nnt:textures/models/goat.png",
			"size": 0
		}
	],

	"abilities": [
		{
			"ability": "lucraftcore:energy_blast",
			"damage": 8,
			"color": [100, 0.0, 100]
		},
		{
			"ability": "heroesexpansion:photon_blast",
			"color": [100, 0.0, 100]
		}
	]
}