{
	"name": {
		"text": "Grizzly's Sin of Sloth"
	},

	"icon": {
		"type": "texture",
		"texture": "nnt:textures/icons/sloth.png"
	},

	"max_level": 1,

	"capsule_color": 16767744,

	"effects": [
		{
			"type": "skin_overlay",
                        "texture": "nnt:textures/models/grizzly.png",
			"size": 0
		}
	],

	"abilities": [
		{
			"ability": "lucraftcore:flight",
			"speed": 0.4,
			"sprint_speed": 1
		},
		{
			"ability": "lucraftcore:potion_punch",
			"potion": "minecraft:wither",
			"amplifier": 2,
			"title": {
				"text": "Disaster"
			},
			"duration": 200
		},
		{
			"ability": "lucraftcore:energy_blast",
			"damage": 5,
			"color": [100, 90, 0]
		}
	]
}