{
	"name": {
		"text": "Dragon's Sin of Wrath"
	},

	"icon": {
		"type": "texture",
		"texture": "nnt:textures/icons/wrath.png"
	},

	"max_level": 4,

	"capsule_color": 6881450,

	"effects": [
		{
			"type": "skin_overlay",
                        "texture": "nnt:textures/models/dragon.png",
			"size": 0
		},
		{
			"type": "skin_overlay",
                        "texture": "nnt:textures/models/demon.png",
			"size": 0,
			"conditions": [
				{
					"type": "ability_enabled",
					"ability": "heroesexpansion:god_mode"
				}
			]
		},
		{
			"type": "flickering",
			"color": [0, 0, 0],
			"use_suit_flicker": false,
			"conditions": [
				{
					"type": "ability_enabled",
					"ability": "heroesexpansion:god_mode"
				}
			]
		}
	],

	"abilities": [
		{
			"ability": "heroesexpansion:kinetic_energy_absorption",
			"max_energy": 100,
			"title": {
				"text": "Full Counter"
			},
			"color": [100, 0.0, 0.0]
		},
		{
			"ability": "heroesexpansion:god_mode",
			"title": {
				"text": "Demon Mark"
			},
			"required_level": 2,
			"damage": 4
		},
		{
			"ability": "speedsterheroes:time_remnant",
			"cooldown": 0,
			"title": {
				"text": "Physical Clone"
			},
			"required_level": 4
		}
	]
}