{
	"name" : {
		"text": "DarkSeid"
	},

	"icon": {
		"type": "texture",
		"texture": "darkseid:textures/icons/red_eyes_icon.png"
	},
	
	"max_level": 1,
	
	"capsule_color" : 12910592,
	
	"abilities": [
	    {
			"ability": "lucraftcore:toggle_power",
			"abilities": [  ],
			"icon": {
						"type": "texture",
						"texture": "darkseid:textures/icons/red_eyes_icon.png"
					},
			"required_level": 1
		},
		{
			 "ability": "lucraftcore:tough_lungs",
			 "required_ability": "toggle_power"
		},
		{
			"ability": "lucraftcore:water_breathing",
			"required_ability": "toggle_power"
		},
		{
            "ability": "lucraftcore:fire_resistance",
			"required_ability": "toggle_power"
		},
		{
		    "ability": "lucraftcore:flight",
			"speed": 1,
			"sprint_speed": 4,
			"rotate_arms": true,
			"required_ability": "toggle_power"
		},
		{
		    "ability": "heroesexpansion:heat_vision",
		    "damage": 100,
			"color": [ 255, 0, 0 ],
			"required_ability": "toggle_power"
		},
		{
            "ability": "lucraftcore:healing",
            "frequency": 1,
            "amount": 1,
			"required_ability": "toggle_power"
        },
		{
			"ability": "lucraftcore:health",
			"amount": 20,
			"operation": 0,
			"uuid": "b2930a55-fa9d-4124-bb58-2ba3169d1495",
			"required_ability": "toggle_power"
		},
		{
			"ability": "lucraftcore:jump_boost",
			"amount": 4,
			"operation": 0,
			"uuid": "b2930a55-fa9d-4124-bb58-2ba3169d1495",
			"required_ability": "toggle_power"
		},
		{
			"ability": "lucraftcore:stength",
			"amount": 600,
			"operation": 0,
			"uuid": "b2930a55-fa9d-4124-bb58-2ba3169d1495",
			"required_ability": "toggle_power"
		},
		{
		    "ability": "heroesexpansion:Precision",
		    "amount": 500,
			"required_ability": "toggle_power"
		},
		{
			"ability": "lucraftcore:punch",
			"amount": 500,
			"operation": 0,
			"uuid": "b2930a55-fa9d-4124-bb58-2ba3169d1495",
			"required_ability": "toggle_power"
		},
		{
		    "ability": "lucraftcore:sprint",
			"amount": 3,
			"operation": 0,
			"uuid": "b2930a55-fa9d-4124-bb58-2ba3169d1495",
			"required_ability": "toggle_power"
		},
		{
		    "ability": "lucraftcore:step_assist",
			"amount": 2,
			"operation": 0,
			"uuid": "b2930a55-fa9d-4124-bb58-2ba3169d1495",
			"required_ability": "toggle_power"
		},
		{
		    "ability": "lucraftcore:knockback_resistance",
			"amount": 100.0,
			"required_ability": "toggle_power"
		},
		{
			"ability": "lucraftcore:resistance",
			"amount": 20,
			"operation": 0,
			"uuid": "b2930a55-fa9d-4124-bb58-2ba3169d1495",
			"required_ability": "toggle_power"
		},
		{
			"ability": "lucraftcore:fall_resistance",
			"amount": 900,
			"operation": 0,
			"uuid": "b2930a55-fa9d-4124-bb58-2ba3169d1495",
			"required_ability": "toggle_power"
		}
     ],
     "effects": [
		{
          "type": "skin_overlay",
          "texture": "darkseid:textures/skins/darkseid.png",
          "glow": true,
          "size": 0.0,
		  "conditions": [
				{
					"type": "ability_enabled",
					"ability": "lucraftcore:toggle_power"
			    }
			    ]
			    }
			    ]
			    }
					
