{
    "name": {
        "text": "Council Robe"
    },
    
	"armor_material": {
	    "durability": 1000,
		"damage_reduction_amounts": [4, 8, 6, 3],
	    "enchantibility": 15,
        "toughness": 4.0,
        "sound": "item.armor.equip_generic"		
    },
	
	"abilities": [
	    {
		   "ability": "lucraftcore:fire_resistance",
		   "key":4
		},
		{
		   "ability": "lucraftcore:energy_blast",
		   "cooldown": 5,
		   "damage": 12.5,
		   "color": [0.0, 1.0, 0.0],
		   "key": 1
		},
		{
		   "ability": "lucraftcore:flight",
		   "key": 2
		},
		{
		   
		   "ability": "lucraftcore:healing",
		   "frequency": 5,
		   "amount": 5
		},
		{
		   "ability": "lucraftcore:strength",
		   "factor": 5,
		   "operation": 0,
		   "uuid": "dd320d4d-9af3-486d-91b4-0b3999db37ed"
		},
		{
		   "ability": "lucraftcore:sprint",
		   "factor": 2,
		   "operation": 0,
		   "uuid": "5147dd84-281d-49e1-8338-42876dad5810"
		},
		{
		   "ability": "lucraftcore:jump_boost",
		   "factor": 3,
		   "operation": 0,
		   "uuid": "ad657c50-0a11-43b1-ad51-85b78ac58a69"
		},
		{
		   "ability": "lucraftcore:teleport",
		   "key": 3,
		   "distance": 50,
		   "cooldown": 5
		}
		
    ],
	"effects": [
		{
			"type": "trail",
			"trail_type": "lightnings",
			"color": [0.0, 1.0, 0.0],
			"conditions": [
				{
					"type": "ability_enabled",
					"ability": "lucraftcore:sprint"
				}
			]
		}
	],
  
    "armor_parts": {

		"chest": {
            "openable": true,
            "glow": false,
            "armor_model_scale": 0.50,
            "name": {
                "text": "council's robe"	
      
            },
            "textures": {
                "normal": "dragonicpower_pack:textures/models/armor/council_robe/chest.png",
				"normal_open": "dragonicpower_pack:textures/models/armor/council_robe/chest_open.png"

            },
            "item_texture": {
                "blockstate": "dragonicpower_pack:council_robe_suit"
	        }
		}	
	}	
}		