{
	"name": {
		"text": "Derpy Flash"
	},

	"armor_material": {
		"durability": 42,
		"damage_reduction_amounts": [5, 8, 10, 5],
		"enchantibility": 8,
		"toughness": 3.0,
		"sound": "item.armor.equip_generic"
	},

	"effects": [
		{
				"type": "trail",
				"trail_type": "lightnings",
				"color": [0, 192, 255],
				"use_suit_trail": false,
				"conditions": [
						{
								"type": "moving"
						}
				]
		}
	],

	"abilities": [
		{
			"ability": "lucraftcore:resistance",
			"factor": 8,
			"operation": 0,
			"uuid": "b2930a55-fa9d-4124-bb58-2ba3169d1495"
		},
		{
			"ability": "lucraftcore:fall_resistance",
			"factor": 8,
			"operation": 0,
			"uuid": "b2930a55-fa9d-4124-bb58-2ba3169d1495"
		},
		{
			"ability": "lucraftcore:strength",
			"factor": 4,
			"operation": 0,
			"uuid": "b2930a55-fa9d-4124-bb58-2ba3169d1495"
		},
		{
			"ability": "lucraftcore:knockback_resistance",
			"factor": 4,
			"operation": 0,
			"uuid": "b2930a55-fa9d-4124-bb58-2ba3169d1495"
		},
		{
			"ability": "lucraftcore:sprint",
			"factor": 0.2,
			"operation": 0,
			"uuid": "b2930a55-fa9d-4124-bb58-2ba3169d1495"
		}

	],

	"armor_parts": {

		"head": {
			"openable": true,
			"glow": false,
			"armor_model_scale": 0.5,
			"name": {
				"text": "Derpy Flash's Mask"
			},
			"textures": {
				"normal": "dragonicpower_pack:textures/models/armor/derpyflash/helmet.png",
				"normal_open": "dragonicpower_pack:textures/models/armor/derpyflash/helmet_open.png"
			},
			"item_texture": {
				"blockstate": "dragonicpower_pack:derpy_flash_suit"
			}
		},

		"chest": {
			"openable": false,
			"glow": false,
			"armor_model_scale": 0.252,
			"name": {
				"text": "Derpy Flash's Chestplate"
			},
			"textures": {
				"normal": "dragonicpower_pack:textures/models/armor/derpyflash/chestplate.png",
				"normal_smallarms": "dragonicpower_pack:textures/models/armor/derpyflash/chestplate_smallarms.png"
			},
			"item_texture": {
				"blockstate": "dragonicpower_pack:derpy_flash_suit"
			}
		},

		"legs": {
			"openable": false,
			"glow": false,
			"armor_model_scale": 0.25,
			"name": {
				"text": "Derpy Flash's Leggings"
			},
			"textures": {
				"normal": "dragonicpower_pack:textures/models/armor/derpyflash/legs.png"
			},
			"item_texture": {
				"blockstate": "dragonicpower_pack:derpy_flash_suit"
			}
		},

		"feet": {
			"openable": false,
			"glow": false,
			"armor_model_scale": 0.252,
			"name": {
				"text": "Derpy Flash's Boots"
			},
			"textures": {
				"normal": "dragonicpower_pack:textures/models/armor/derpyflash/boots.png"
			},
			"item_texture": {
				"blockstate": "dragonicpower_pack:derpy_flash_suit"
			}
		}
	}
}
