{
    "name": {
        "text": "Dr_Fate"
    },
    
	"armor_material": {
	    "durability": 1000,
		"damage_reduction_amounts": [4, 8, 6, 3],
	    "enchantibility": 15,
        "toughness": 4.0,
        "sound": "item.armor.equip_generic"		
    },
	
	"abilities": [
	    {
		   "ability": "lucraftcore:fire_resistance",
		   "key":4
		},
		{ 
		  "ability": "lucraftcore:healing",
		  "frequency": 5,
		  "amount": 5
		},
		{
		  "ability": "lucraftcore:sprint",
		  "factor": 3,
		  "operation": 0,
		  "uuid": "41e0fcb9-93cb-4e8a-9e4b-0b3bed111ba5" 
		},
		{
		  "ability": "lucraftcore:strength",
		  "factor": 4,
		  "operation": 0,
		  "uuid": "246e5978-18cc-4537-b329-45d79956bde7" 
		},
		{
		  "ability": "lucraftcore:health",
		  "factor": 20,
		  "operation": 0,
		  "uuid": "09d34e32-14c5-419f-948e-77eb219328b5" 
		}

    ],
  
    "armor_parts": {

        "head": {
            "openable": false,
            "glow": false,
            "armor_model_scale": 0.5,
            "name": {
                "text": "Dr_Fate's helmet"
			
            },
            "textures": { 
                "normal": "dragonicpower_pack:textures/models/armor/dr_fate/helmet.png"
				
			},
            "item_texture": {
               "blockstate": "dragonicpower_pack:dr_fate_suit"
			}   
	    },
      
        "chest": {
            "openable": false,
            "glow": false,
            "armor_model_scale": 0.22,
            "name": {
                "text": "Dr_Fate's chestplate"	
      
            },
            "textures": {
                "normal": "dragonicpower_pack:textures/models/armor/dr_fate/chest.png"

            },
            "item_texture": {
                "blockstate": "dragonicpower_pack:dr_fate_suit"
	        }
		},
		
		"legs": {
		     "openable": false,
			 "glow": false,
			 "armor_model_scale": 0.25,
			 "name": {
			     "text": "Dr_Fate's legs"
		    },
			"textures": {
			    "normal": "dragonicpower_pack:textures/models/armor/dr_fate/legs.png"
			},
			"item_texture": {
			   "blockstate": "dragonicpower_pack:dr_fate_suit"
			}
		},

        "feet": {
            "openable": false,
            "glow": false,
            "armor_model_scale": 0.22,
            "name": {
                "text": "Dr_Fate's boots"
            },
            "textures":{
                "normal": "dragonicpower_pack:textures/models/armor/dr_fate/boots.png"
            },
			"item_texture": {
			    "blockstate": "dragonicpower_pack:dr_fate_suit"
			}
		}	
	}			
}			