{
    "name": {
        "text": "enchantress"
    },
    
	"armor_material": {
	    "durability": 1000,
		"damage_reduction_amounts": [4, 8, 6, 3],
	    "enchantibility": 15,
        "toughness": 4.0,
        "sound": "item.armor.equip_generic"		
    },
	
	"abilities": [
	    {
		   "ability": "lucraftcore:fire_resistance",
		   "key":4
		},
		{
		   
		   "ability": "lucraftcore:healing",
		   "frequency": 5,
		   "amount": 5
		},
		{
		   "ability": "lucraftcore:strength",
		   "factor": 5,
		   "operation": 0,
		   "uuid": "dd320d4d-9af3-486d-91b4-0b3999db37ed"
		},
		{
		   "ability": "lucraftcore:sprint",
		   "factor": 2,
		   "operation": 0,
		   "uuid": "5147dd84-281d-49e1-8338-42876dad5810"
		},
		{
		   "ability": "lucraftcore:jump_boost",
		   "factor": 3,
		   "operation": 0,
		   "uuid": "ad657c50-0a11-43b1-ad51-85b78ac58a69"
		}
		

    ],
  
    "armor_parts": {

        "head": {
            "openable": false,
            "glow": false,
            "armor_model_scale": 0.5,
            "name": {
                "text": "enchantress's helmet"
			
            },
            "textures": { 
                "normal": "dragonicpower_pack:textures/models/armor/enchantress/helmet.png"
				
			},
            "item_texture": {
               "blockstate": "dragonicpower_pack:enchantress_suit"
			}   
	    },
      
        "chest": {
            "openable": false,
            "glow": false,
            "armor_model_scale": 0.22,
            "name": {
                "text": "enchantress's chestplate"	
      
            },
            "textures": {
                "normal": "dragonicpower_pack:textures/models/armor/enchantress/chest.png"

            },
            "item_texture": {
                "blockstate": "dragonicpower_pack:enchantress_suit"
	        }
		},
		
		"legs": {
		     "openable": false,
			 "glow": false,
			 "armor_model_scale": 0.25,
			 "name": {
			     "text": "enchantress's legs"
		    },
			"textures": {
			    "normal": "dragonicpower_pack:textures/models/armor/enchantress/legs.png"
			},
			"item_texture": {
			   "blockstate": "dragonicpower_pack:enchantress_suit"
			}
		},

        "feet": {
            "openable": false,
            "glow": false,
            "armor_model_scale": 0.22,
            "name": {
                "text": "enchantress's boots"
            },
            "textures":{
                "normal": "dragonicpower_pack:textures/models/armor/enchantress/boots.png"
            },
			"item_texture": {
			    "blockstate": "dragonicpower_pack:enchantress_suit"
			}
		}	
	}		
}			