{
    "name": {
        "text": "Endarian"
    },
    
	"armor_material": {
	    "durability": 10,
		"damage_reduction_amounts": [1, 2, 3, 1],
	    "enchantibility": 15,
        "toughness": 0.0,
        "sound": "item.armor.equip_generic"		
    },
	
	"abilities": [
		{
		   
		   "ability": "lucraftcore:healing",
		   "frequency": 20,
		   "amount": 5
		}

    ],
  
    "armor_parts": {

        "head": {
            "openable": false,
            "glow": false,
            "armor_model_scale": 0.53,
            "name": {
                "text": "Endarian's helmet"
			
            },
            "textures": { 
                "normal": "dragonicpower_pack:textures/models/armor/endarian/helmet.png"
				
			},
            "item_texture": {
               "blockstate": "dragonicpower_pack:endarian_suit"
			}   
	    },
      
        "chest": {
            "openable": false,
            "glow": false,
            "armor_model_scale": 0.25,
            "name": {
                "text": "Endarian's chestplate"	
      
            },
            "textures": {
                "normal": "dragonicpower_pack:textures/models/armor/endarian/chestplate.png"

            },
            "item_texture": {
                "blockstate": "dragonicpower_pack:endarian_suit"
	        }
		},
		
		"legs": {
		     "openable": false,
			 "glow": false,
			 "armor_model_scale": 0.28,
			 "name": {
			     "text": "Endarian's legs"
		    },
			"textures": {
			    "normal": "dragonicpower_pack:textures/models/armor/endarian/legs.png"
			},
			"item_texture": {
			   "blockstate": "dragonicpower_pack:endarian_suit"
			}
		},

        "feet": {
            "openable": false,
            "glow": false,
            "armor_model_scale": 0.25,
            "name": {
                "text": "Endarian's boots"
            },
            "textures":{
                "normal": "dragonicpower_pack:textures/models/armor/endarian/boots.png"
            },
			"item_texture": {
			    "blockstate": "dragonicpower_pack:endarian_suit"
			}
		}	
	}		
}			