{
    "name": {
        "text": "etrigan"
    },
    
	"armor_material": {
	    "durability": 1000,
		"damage_reduction_amounts": [3, 5, 4, 2],
	    "enchantibility": 15,
        "toughness": 4.0,
        "sound": "item.armor.equip_generic"		
    },
	
	"abilities": [{
		  "ability": "lucraftcore:healing",
		  "frequency": 5,
		  "amount": 5
		},
		{
		   "ability": "lucraftcore:energy_blast",
		   "cooldown": 10,
		   "damage": 3,
		   "color": [1.0, 0.0, 0.0],
		   "key": 1
		},
		{
		   "ability": "lucraftcore:teleport",
		   "key": 2,
		   "distance": 50,
		   "cooldown": 10
		},
		{
	      "ability": "lucraftcore:slowfall",
		  "key": 3

		},
		{
		   "ability": "lucraftcore:strength",
		   "factor": 3,
		   "operation": 0,
		   "uuid": "42cc1182-83cf-463e-9684-39ec420b8927"
		},
		{
		   "ability": "lucraftcore:sprint",
		   "factor": 2,
		   "operation": 0,
		   "uuid": "476f7404-1b1d-4993-a49b-f7ecf3f46189"
		},
		{
		   "ability": "lucraftcore:jump_boost",
		   "factor":15,
		   "operation": 0,
		   "uuid": "5193c7f2-8508-4e9e-8db7-3baa971e2a1c"
		}

	],
  
    "armor_parts": {

        "head": {
            "openable": false,
            "glow": false,
            "armor_model_scale": 0.5,
            "name": {
                "text": "etrigan's helmet"
			
            },
            "textures": { 
                "normal": "dragonicpower_pack:textures/models/armor/etrigan/helmet.png"
				
			},
            "item_texture": {
               "blockstate": "dragonicpower_pack:etrigan_suit"
			}   
	    },
      
        "chest": {
            "openable": false,
            "glow": false,
            "armor_model_scale": 0.22,
            "name": {
                "text": "etrigan's chestplate"	
      
            },
            "textures": {
                "normal": "dragonicpower_pack:textures/models/armor/etrigan/chest.png"

            },
            "item_texture": {
                "blockstate": "dragonicpower_pack:etrigan_suit"
	        }
		},
		
		"legs": {
		     "openable": false,
			 "glow": false,
			 "armor_model_scale": 0.25,
			 "name": {
			     "text": "etrigan's legs"
		    },
			"textures": {
			    "normal": "dragonicpower_pack:textures/models/armor/etrigan/legs.png"
			},
			"item_texture": {
			   "blockstate": "dragonicpower_pack:etrigan_suit"
			}
		},

        "feet": {
            "openable": false,
            "glow": false,
            "armor_model_scale": 0.22,
            "name": {
                "text": "etrigan's boots"
            },
            "textures":{
                "normal": "dragonicpower_pack:textures/models/armor/etrigan/boots.png"
            },
			"item_texture": {
			    "blockstate": "dragonicpower_pack:etrigan_suit"
			}
		}	
	}		
}			