{
    "name": {
        "text": "mystic_sam"
    },
    
	"armor_material": {
	    "durability": 1000,
		"damage_reduction_amounts": [3, 5, 4, 2],
	    "enchantibility": 15,
        "toughness": 4.0,
        "sound": "item.armor.equip_generic"		
    },
	
	"abilities": [{
		   "ability": "lucraftcore:energy_blast",
		   "cooldown": 10,
		   "damage": 3,
		   "color": [0.0, 0.0, 1.0],
		   "key": 1
		},
		{
		  "ability": "lucraftcore:flight",
		  "key": 2
		},
		{
		   "ability": "lucraftcore:teleport",
		   "key": 3,
		   "distance": 50,
		   "cooldown": 10
		},
		{
	      "ability": "lucraftcore:slowfall",
		  "key": 4

		},
		{
		   "ability": "lucraftcore:strength",
		   "factor": 2.5,
		   "operation": 0,
		   "uuid": "24e37e43-c1b5-4b8a-967e-7457af2fd991"
		},
		{
		   "ability": "lucraftcore:sprint",
		   "factor": 1,
		   "operation": 0,
		   "uuid": "25e94b43-040b-4305-bf09-78da9c4a4fe9"
		},
		{
		   "ability": "lucraftcore:potion_punch",
		   "potion": "minecraft:levitation",
		   "amplifier": 1,
		   "duration": 600,
		   "key": 5
		}
	],
  
    "armor_parts": {

        "head": {
            "openable": false,
            "glow": false,
            "armor_model_scale": 0.5,
            "name": {
                "text": "mystic_sam's helmet"
			
            },
            "textures": { 
                "normal": "dragonicpower_pack:textures/models/armor/mystic_sam/helmet.png"
				
			},
            "item_texture": {
               "blockstate": "dragonicpower_pack:mystic_sam_suit"
			}   
	    },
      
        "chest": {
            "openable": false,
            "glow": false,
            "armor_model_scale": 0.22,
            "name": {
                "text": "mystic_sam's chestplate"	
      
            },
            "textures": {
                "normal": "dragonicpower_pack:textures/models/armor/mystic_sam/chest.png"

            },
            "item_texture": {
                "blockstate": "dragonicpower_pack:mystic_sam_suit"
	        }
		},
		
		"legs": {
		     "openable": false,
			 "glow": false,
			 "armor_model_scale": 0.25,
			 "name": {
			     "text": "mystic_sam's legs"
		    },
			"textures": {
			    "normal": "dragonicpower_pack:textures/models/armor/mystic_sam/legs.png"
			},
			"item_texture": {
			   "blockstate": "dragonicpower_pack:mystic_sam_suit"
			}
		},

        "feet": {
            "openable": false,
            "glow": false,
            "armor_model_scale": 0.22,
            "name": {
                "text": "mystic_sam's boots"
            },
            "textures":{
                "normal": "dragonicpower_pack:textures/models/armor/mystic_sam/boots.png"
            },
			"item_texture": {
			    "blockstate": "dragonicpower_pack:mystic_sam_suit"
			}
		}	
	}		
}			