{
    "name": {
        "text": "Omega"
    },
    
	"armor_material": {
	    "durability": 10,
		"damage_reduction_amounts": [1, 2, 3, 1],
	    "enchantibility": 15,
        "toughness": 0.0,
        "sound": "item.armor.equip_generic"		
    },
	
	"abilities": [
		{
		   
		   "ability": "lucraftcore:healing",
		   "frequency": 20,
		   "amount": 5
		}

    ],
    "effects": [
        {
            "type": "glow",
            "color": [1, 0.647, 0],
            "conditions": [
                {
                    "type": "ability_enabled",
                    "ability": "lucraftcore:flight"
                }
            ]
        }
    ],
  
    "armor_parts": {
      
        "chest": {
            "openable": false,
            "glow": false,
            "armor_model_scale": 0.25,
            "name": {
                "text": "Omega's chestplate"	
      
            },
            "textures": {
                "normal": "dragonicpower_pack:textures/models/armor/omega/chestplate.png"

            },
            "item_texture": {
                "blockstate": "dragonicpower_pack:omega_suit"
	        }
		},
		
		"legs": {
		     "openable": false,
			 "glow": false,
			 "armor_model_scale": 0.28,
			 "name": {
			     "text": "Omega's legs"
		    },
			"textures": {
			    "normal": "dragonicpower_pack:textures/models/armor/omega/legs.png"
			},
			"item_texture": {
			   "blockstate": "dragonicpower_pack:omega_suit"
			}
		},

        "feet": {
            "openable": false,
            "glow": false,
            "armor_model_scale": 0.25,
            "name": {
                "text": "Omega's boots"
            },
            "textures":{
                "normal": "dragonicpower_pack:textures/models/armor/omega/boots.png"
            },
			"item_texture": {
			    "blockstate": "dragonicpower_pack:omega_suit"
			}
		}	
	}		
}			