{
	"name": {
		"text": "Hades"
	},

	"armor_material": {
		"durability": 42,
		"damage_reduction_amounts": [5, 8, 10, 5],
		"enchantibility": 8,
		"toughness": 3.0,
		"sound": "item.armor.equip_generic"
	},

	"abilities": [
		{
			"ability": "lucraftcore:resistance",
			"factor": 8,
			"operation": 0,
			"uuid": "b2930a55-fa9d-4124-bb58-2ba3169d1495"
		},
		{
			"ability": "lucraftcore:fall_resistance",
			"factor": 8,
			"operation": 0,
			"uuid": "b2930a55-fa9d-4124-bb58-2ba3169d1495"
		},
		{
			"ability": "lucraftcore:strength",
			"factor": 4,
			"operation": 0,
			"uuid": "b2930a55-fa9d-4124-bb58-2ba3169d1495"
		},
		{
			"ability": "lucraftcore:knockback_resistance",
			"factor": 4,
			"operation": 0,
			"uuid": "b2930a55-fa9d-4124-bb58-2ba3169d1495"
		},
		{
			"ability": "lucraftcore:sprint",
			"factor": 5.5,
			"operation": 1,
			"uuid": "b2930a55-fa9d-4124-bb58-2ba3169d1495"
		}

	],

	"armor_parts": {

		"head": {
			"openable": true,
			"glow": false,
			"armor_model_scale": 0.5,
			"name": {
				"text": "Hades Mask"
			},
			"textures": {
				"normal": "dragonicpower_pack:textures/models/armor/thesmiley/helmet.png",
				"normal_open": "dragonicpower_pack:textures/models/armor/thesmiley/helmet_open.png"
			},
			"item_texture": {
				"blockstate": "dragonicpower_pack:the_smiley_suit"
			}
		},

		"chest": {
			"openable": false,
			"glow": false,
			"armor_model_scale": 0.252,
			"name": {
				"text": "Hades Chestplate"
			},
			"textures": {
				"normal": "dragonicpower_pack:textures/models/armor/thesmiley/chestplate.png"
			},
			"item_texture": {
				"blockstate": "dragonicpower_pack:the_smiley_suit"
			}
		},

		"legs": {
			"openable": false,
			"glow": false,
			"armor_model_scale": 0.25,
			"name": {
				"text": "Hades Leggings"
			},
			"textures": {
				"normal": "dragonicpower_pack:textures/models/armor/thesmiley/legs.png"
			},
			"item_texture": {
				"blockstate": "dragonicpower_pack:the_smiley_suit"
			}
		},

		"feet": {
			"openable": false,
			"glow": false,
			"armor_model_scale": 0.252,
			"name": {
				"text": "Hades Boots"
			},
			"textures": {
				"normal": "dragonicpower_pack:textures/models/armor/thesmiley/boots.png"
			},
			"item_texture": {
				"blockstate": "dragonicpower_pack:the_smiley_suit"
			}
		}
	}
}
