{
    "name": {
        "text": "voyager"
    },
    
	"armor_material": {
	    "durability": 1000,
		"damage_reduction_amounts": [3, 5, 4, 2],
	    "enchantibility": 15,
        "toughness": 4.0,
        "sound": "item.armor.equip_generic"		
    },
	
	"abilities": [{
		  "ability": "lucraftcore:healing",
		  "frequency": 5,
		  "amount": 5
		},
		{
		  "ability": "lucraftcore:water_breathing"
		  
		},
		{
		   "ability": "lucraftcore:teleport",
		   "key": 2,
		   "distance": 50,
		   "cooldown": 10
		},
		{
		   "ability": "lucraftcore:strength",
		   "factor": 2.5,
		   "operation": 0,
		   "uuid": "1c209d58-782b-4aa0-a9b6-5d8e02a2a4d2"
		},
		{
		   "ability": "lucraftcore:sprint",
		   "factor": 2,
		   "operation": 0,
		   "uuid": "3003c4a4-6da7-4182-8d35-fbe7544c9837"
		}

	],
  
    "armor_parts": {

        "head": {
            "openable": false,
            "glow": false,
            "armor_model_scale": 0.5,
            "name": {
                "text": "voyager's helmet"
			
            },
            "textures": { 
                "normal": "dragonicpower_pack:textures/models/armor/voyager/helmet.png"
				
			},
            "item_texture": {
               "blockstate": "dragonicpower_pack:voyager_suit"
			}   
	    },
      
        "chest": {
            "openable": false,
            "glow": false,
            "armor_model_scale": 0.22,
            "name": {
                "text": "voyager's chestplate"	
      
            },
            "textures": {
                "normal": "dragonicpower_pack:textures/models/armor/voyager/chest.png"

            },
            "item_texture": {
                "blockstate": "dragonicpower_pack:voyager_suit"
	        }
		},
		
		"legs": {
		     "openable": false,
			 "glow": false,
			 "armor_model_scale": 0.25,
			 "name": {
			     "text": "voyager's legs"
		    },
			"textures": {
			    "normal": "dragonicpower_pack:textures/models/armor/voyager/legs.png"
			},
			"item_texture": {
			   "blockstate": "dragonicpower_pack:voyager_suit"
			}
		},

        "feet": {
            "openable": false,
            "glow": false,
            "armor_model_scale": 0.22,
            "name": {
                "text": "voyager's boots"
            },
            "textures":{
                "normal": "dragonicpower_pack:textures/models/armor/voyager/boots.png"
            },
			"item_texture": {
			    "blockstate": "dragonicpower_pack:voyager_suit"
			}
		}	
	}		
}			