{
    "name": {
        "text": "whiz"
    },
    
	"armor_material": {
	    "durability": 1000,
		"damage_reduction_amounts": [3, 5, 4, 2],
	    "enchantibility": 15,
        "toughness": 4.0,
        "sound": "item.armor.equip_generic"		
    },
	
	"abilities": [
		{
		   "ability": "lucraftcore:teleport",
		   "key": 1,
		   "distance": 50,
		   "cooldown": 5
		}

	],
	
		"effects": [
		{
			"type": "trail",
			"trail_type": "lightnings",
			"color": [0.0, 0.0, 0.0]
		}
	],
  
    "armor_parts": {

        "head": {
            "openable": false,
            "glow": false,
            "armor_model_scale": 0.5,
            "name": {
                "text": "whiz's helmet"
			
            },
            "textures": { 
                "normal": "dragonicpower_pack:textures/models/armor/whiz/helmet.png"
				
			},
            "item_texture": {
               "blockstate": "dragonicpower_pack:whiz_suit"
			}   
	    },
      
        "chest": {
            "openable": false,
            "glow": false,
            "armor_model_scale": 0.22,
            "name": {
                "text": "whiz's chestplate"	
      
            },
            "textures": {
                "normal": "dragonicpower_pack:textures/models/armor/whiz/chest.png"

            },
            "item_texture": {
                "blockstate": "dragonicpower_pack:whiz_suit"
	        }
		},
		
		"legs": {
		     "openable": false,
			 "glow": false,
			 "armor_model_scale": 0.25,
			 "name": {
			     "text": "whiz's legs"
		    },
			"textures": {
			    "normal": "dragonicpower_pack:textures/models/armor/whiz/legs.png"
			},
			"item_texture": {
			   "blockstate": "dragonicpower_pack:whiz_suit"
			}
		},

        "feet": {
            "openable": false,
            "glow": false,
            "armor_model_scale": 0.22,
            "name": {
                "text": "whiz's boots"
            },
            "textures":{
                "normal": "dragonicpower_pack:textures/models/armor/whiz/boots.png"
            },
			"item_texture": {
			    "blockstate": "dragonicpower_pack:whiz_suit"
			}
		}	
	}		
}			