{
	"credit": "Made with Blockbench",
	"textures": {
		"0": "items/metallicdark",
		"1": "items/gold",
		"2": "items/portal",
		"particle": "items/metallicdark"
	},
	"elements": [
		{
			"name": "hexadecagon",
			"from": [6.5, 5.4087, -1],
			"to": [8.5, 10.5913, 2],
			"faces": {
				"north": {"uv": [0, 0, 2, 5.1826], "texture": "#0"},
				"east": {"uv": [0, 0, 3, 5.1826], "texture": "#0"},
				"south": {"uv": [0, 0, 2, 5.1826], "texture": "#0"},
				"west": {"uv": [0, 0, 3, 5.1826], "texture": "#0"},
				"up": {"uv": [0, 0, 2, 3], "texture": "#0"},
				"down": {"uv": [0, 0, 2, 3], "texture": "#0"}
			}
		},
		{
			"name": "hexadecagon",
			"from": [6.5, 5.4087, -1],
			"to": [8.5, 10.5913, 2],
			"rotation": {"angle": 22.5, "axis": "x", "origin": [8, 8, 8]},
			"faces": {
				"north": {"uv": [0, 0, 2, 5.1826], "texture": "#0"},
				"east": {"uv": [0, 0, 3, 5.1826], "texture": "#0"},
				"south": {"uv": [0, 0, 2, 5.1826], "texture": "#0"},
				"west": {"uv": [0, 0, 3, 5.1826], "texture": "#0"},
				"up": {"uv": [0, 0, 2, 3], "texture": "#0"},
				"down": {"uv": [0, 0, 2, 3], "texture": "#0"}
			}
		},
		{
			"name": "hexadecagon",
			"from": [6.5, 5.4087, -1],
			"to": [8.5, 10.5913, 2],
			"rotation": {"angle": 45, "axis": "x", "origin": [8, 8, 8]},
			"faces": {
				"north": {"uv": [0, 0, 2, 5.1826], "texture": "#0"},
				"east": {"uv": [0, 0, 3, 5.1826], "texture": "#0"},
				"south": {"uv": [0, 0, 2, 5.1826], "texture": "#0"},
				"west": {"uv": [0, 0, 3, 5.1826], "texture": "#0"},
				"up": {"uv": [0, 0, 2, 3], "texture": "#0"},
				"down": {"uv": [0, 0, 2, 3], "texture": "#0"}
			}
		},
		{
			"name": "hexadecagon",
			"from": [6.5, 14, 5.4087],
			"to": [8.5, 17, 10.5913],
			"rotation": {"angle": -22.5, "axis": "x", "origin": [8, 8, 8]},
			"faces": {
				"north": {"uv": [0, 0, 2, 3], "rotation": 180, "texture": "#0"},
				"east": {"uv": [0, 0, 5.1826, 3], "rotation": 270, "texture": "#0"},
				"south": {"uv": [0, 0, 2, 3], "texture": "#0"},
				"west": {"uv": [0, 0, 5.1826, 3], "rotation": 90, "texture": "#0"},
				"up": {"uv": [0, 0, 2, 5.1826], "rotation": 180, "texture": "#0"},
				"down": {"uv": [0, 0, 2, 5.1826], "texture": "#0"}
			}
		},
		{
			"name": "hexadecagon",
			"from": [6.5, 14, 5.4087],
			"to": [8.5, 17, 10.5913],
			"faces": {
				"north": {"uv": [0, 0, 2, 3], "rotation": 180, "texture": "#0"},
				"east": {"uv": [0, 0, 5.1826, 3], "rotation": 270, "texture": "#0"},
				"south": {"uv": [0, 0, 2, 3], "texture": "#0"},
				"west": {"uv": [0, 0, 5.1826, 3], "rotation": 90, "texture": "#0"},
				"up": {"uv": [0, 0, 2, 5.1826], "rotation": 180, "texture": "#0"},
				"down": {"uv": [0, 0, 2, 5.1826], "texture": "#0"}
			}
		},
		{
			"name": "hexadecagon",
			"from": [6.5, 5.4087, 14],
			"to": [8.5, 10.5913, 17],
			"faces": {
				"north": {"uv": [0, 0, 2, 5.1826], "texture": "#0"},
				"east": {"uv": [0, 0, 3, 5.1826], "texture": "#0"},
				"south": {"uv": [0, 0, 2, 5.1826], "texture": "#0"},
				"west": {"uv": [0, 0, 3, 5.1826], "texture": "#0"},
				"up": {"uv": [0, 0, 2, 3], "texture": "#0"},
				"down": {"uv": [0, 0, 2, 3], "texture": "#0"}
			}
		},
		{
			"name": "hexadecagon",
			"from": [6.5, 5.4087, 14],
			"to": [8.5, 10.5913, 17],
			"rotation": {"angle": 22.5, "axis": "x", "origin": [8, 8, 8]},
			"faces": {
				"north": {"uv": [0, 0, 2, 5.1826], "texture": "#0"},
				"east": {"uv": [0, 0, 3, 5.1826], "texture": "#0"},
				"south": {"uv": [0, 0, 2, 5.1826], "texture": "#0"},
				"west": {"uv": [0, 0, 3, 5.1826], "texture": "#0"},
				"up": {"uv": [0, 0, 2, 3], "texture": "#0"},
				"down": {"uv": [0, 0, 2, 3], "texture": "#0"}
			}
		},
		{
			"name": "hexadecagon",
			"from": [6.5, 5.4087, 14],
			"to": [8.5, 10.5913, 17],
			"rotation": {"angle": 45, "axis": "x", "origin": [8, 8, 8]},
			"faces": {
				"north": {"uv": [0, 0, 2, 5.1826], "texture": "#0"},
				"east": {"uv": [0, 0, 3, 5.1826], "texture": "#0"},
				"south": {"uv": [0, 0, 2, 5.1826], "texture": "#0"},
				"west": {"uv": [0, 0, 3, 5.1826], "texture": "#0"},
				"up": {"uv": [0, 0, 2, 3], "texture": "#0"},
				"down": {"uv": [0, 0, 2, 3], "texture": "#0"}
			}
		},
		{
			"name": "hexadecagon",
			"from": [6.5, -1, 5.4087],
			"to": [8.5, 2, 10.5913],
			"rotation": {"angle": -22.5, "axis": "x", "origin": [8, 8, 8]},
			"faces": {
				"north": {"uv": [0, 0, 2, 3], "rotation": 180, "texture": "#0"},
				"east": {"uv": [0, 0, 5.1826, 3], "rotation": 270, "texture": "#0"},
				"south": {"uv": [0, 0, 2, 3], "texture": "#0"},
				"west": {"uv": [0, 0, 5.1826, 3], "rotation": 90, "texture": "#0"},
				"up": {"uv": [0, 0, 2, 5.1826], "rotation": 180, "texture": "#0"},
				"down": {"uv": [0, 0, 2, 5.1826], "texture": "#0"}
			}
		},
		{
			"name": "hexadecagon",
			"from": [6.5, -1, 5.4087],
			"to": [8.5, 2, 10.5913],
			"faces": {
				"north": {"uv": [0, 0, 2, 3], "rotation": 180, "texture": "#0"},
				"east": {"uv": [0, 0, 5.1826, 3], "rotation": 270, "texture": "#0"},
				"south": {"uv": [0, 0, 2, 3], "texture": "#0"},
				"west": {"uv": [0, 0, 5.1826, 3], "rotation": 90, "texture": "#0"},
				"up": {"uv": [0, 0, 2, 5.1826], "rotation": 180, "texture": "#0"},
				"down": {"uv": [0, 0, 2, 5.1826], "texture": "#0"}
			}
		},
		{
			"name": "hexadecagon",
			"from": [6.5, -1, 5.4087],
			"to": [8.5, 2, 10.5913],
			"rotation": {"angle": 22.5, "axis": "x", "origin": [8, 8, 8]},
			"faces": {
				"north": {"uv": [0, 0, 2, 3], "texture": "#0"},
				"east": {"uv": [0, 0, 5.1826, 3], "texture": "#0"},
				"south": {"uv": [0, 0, 2, 3], "texture": "#0"},
				"west": {"uv": [0, 0, 5.1826, 3], "texture": "#0"},
				"up": {"uv": [0, 0, 2, 5.1826], "texture": "#0"},
				"down": {"uv": [0, 0, 2, 5.1826], "texture": "#0"}
			}
		},
		{
			"name": "hexadecagon",
			"from": [6.5, -1, 5.4087],
			"to": [8.5, 2, 10.5913],
			"rotation": {"angle": 45, "axis": "x", "origin": [8, 8, 8]},
			"faces": {
				"north": {"uv": [0, 0, 2, 3], "texture": "#0"},
				"east": {"uv": [0, 0, 5.1826, 3], "texture": "#0"},
				"south": {"uv": [0, 0, 2, 3], "texture": "#0"},
				"west": {"uv": [0, 0, 5.1826, 3], "texture": "#0"},
				"up": {"uv": [0, 0, 2, 5.1826], "texture": "#0"},
				"down": {"uv": [0, 0, 2, 5.1826], "texture": "#0"}
			}
		},
		{
			"name": "hexadecagon",
			"from": [6.5, 5.4087, -1],
			"to": [8.5, 10.5913, 2],
			"rotation": {"angle": -22.5, "axis": "x", "origin": [8, 8, 8]},
			"faces": {
				"north": {"uv": [0, 0, 2, 5.1826], "rotation": 180, "texture": "#0"},
				"east": {"uv": [0, 0, 3, 5.1826], "rotation": 270, "texture": "#0"},
				"south": {"uv": [0, 0, 2, 5.1826], "texture": "#0"},
				"west": {"uv": [0, 0, 3, 5.1826], "rotation": 90, "texture": "#0"},
				"up": {"uv": [0, 0, 2, 3], "rotation": 180, "texture": "#0"},
				"down": {"uv": [0, 0, 2, 3], "texture": "#0"}
			}
		},
		{
			"name": "hexadecagon",
			"from": [6.5, 14, 5.4087],
			"to": [8.5, 17, 10.5913],
			"rotation": {"angle": 22.5, "axis": "x", "origin": [8, 8, 8]},
			"faces": {
				"north": {"uv": [0, 0, 2, 3], "texture": "#0"},
				"east": {"uv": [0, 0, 5.1826, 3], "texture": "#0"},
				"south": {"uv": [0, 0, 2, 3], "texture": "#0"},
				"west": {"uv": [0, 0, 5.1826, 3], "texture": "#0"},
				"up": {"uv": [0, 0, 2, 5.1826], "texture": "#0"},
				"down": {"uv": [0, 0, 2, 5.1826], "texture": "#0"}
			}
		},
		{
			"name": "hexadecagon",
			"from": [6.5, 14, 5.4087],
			"to": [8.5, 17, 10.5913],
			"rotation": {"angle": 45, "axis": "x", "origin": [8, 8, 8]},
			"faces": {
				"north": {"uv": [0, 0, 2, 3], "texture": "#0"},
				"east": {"uv": [0, 0, 5.1826, 3], "texture": "#0"},
				"south": {"uv": [0, 0, 2, 3], "texture": "#0"},
				"west": {"uv": [0, 0, 5.1826, 3], "texture": "#0"},
				"up": {"uv": [0, 0, 2, 5.1826], "texture": "#0"},
				"down": {"uv": [0, 0, 2, 5.1826], "texture": "#0"}
			}
		},
		{
			"name": "hexadecagon",
			"from": [6.5, 5.4087, 14],
			"to": [8.5, 10.5913, 17],
			"rotation": {"angle": -22.5, "axis": "x", "origin": [8, 8, 8]},
			"faces": {
				"north": {"uv": [0, 0, 2, 5.1826], "rotation": 180, "texture": "#0"},
				"east": {"uv": [0, 0, 3, 5.1826], "rotation": 270, "texture": "#0"},
				"south": {"uv": [0, 0, 2, 5.1826], "texture": "#0"},
				"west": {"uv": [0, 0, 3, 5.1826], "rotation": 90, "texture": "#0"},
				"up": {"uv": [0, 0, 2, 3], "rotation": 180, "texture": "#0"},
				"down": {"uv": [0, 0, 2, 3], "texture": "#0"}
			}
		},
		{
			"name": "hexadecagon",
			"from": [8.5, 6.4087, 0],
			"to": [8.75, 9.5913, 1],
			"faces": {
				"north": {"uv": [0, 0, 0.25, 3.1826], "texture": "#1"},
				"east": {"uv": [0, 0, 1, 3.1826], "texture": "#1"},
				"south": {"uv": [0, 0, 0.25, 3.1826], "texture": "#1"},
				"west": {"uv": [0, 0, 1, 3.1826], "texture": "#1"},
				"up": {"uv": [0, 0, 0.25, 1], "texture": "#1"},
				"down": {"uv": [0, 0, 0.25, 1], "texture": "#1"}
			}
		},
		{
			"name": "hexadecagon",
			"from": [8.5, 6.4087, 0],
			"to": [8.75, 9.5913, 1],
			"rotation": {"angle": 45, "axis": "x", "origin": [10, 8, 8]},
			"faces": {
				"north": {"uv": [0, 0, 0.25, 3.1826], "texture": "#1"},
				"east": {"uv": [0, 0, 1, 3.1826], "texture": "#1"},
				"south": {"uv": [0, 0, 0.25, 3.1826], "texture": "#1"},
				"west": {"uv": [0, 0, 1, 3.1826], "texture": "#1"},
				"up": {"uv": [0, 0, 0.25, 1], "texture": "#1"},
				"down": {"uv": [0, 0, 0.25, 1], "texture": "#1"}
			}
		},
		{
			"name": "hexadecagon",
			"from": [8.5, 15, 6.4087],
			"to": [8.75, 16, 9.5913],
			"faces": {
				"north": {"uv": [0, 0, 0.25, 1], "rotation": 270, "texture": "#1"},
				"east": {"uv": [0, 0, 3.1826, 1], "rotation": 270, "texture": "#1"},
				"south": {"uv": [0, 0, 0.25, 1], "rotation": 270, "texture": "#1"},
				"west": {"uv": [0, 0, 3.1826, 1], "rotation": 270, "texture": "#1"},
				"up": {"uv": [0, 0, 0.25, 3.1826], "rotation": 270, "texture": "#1"},
				"down": {"uv": [0, 0, 0.25, 3.1826], "rotation": 270, "texture": "#1"}
			}
		},
		{
			"name": "hexadecagon",
			"from": [8.5, 6.4087, 15],
			"to": [8.75, 9.5913, 16],
			"faces": {
				"north": {"uv": [0, 0, 0.25, 3.1826], "texture": "#1"},
				"east": {"uv": [0, 0, 1, 3.1826], "texture": "#1"},
				"south": {"uv": [0, 0, 0.25, 3.1826], "texture": "#1"},
				"west": {"uv": [0, 0, 1, 3.1826], "texture": "#1"},
				"up": {"uv": [0, 0, 0.25, 1], "texture": "#1"},
				"down": {"uv": [0, 0, 0.25, 1], "texture": "#1"}
			}
		},
		{
			"name": "hexadecagon",
			"from": [8.5, 6.4087, 15],
			"to": [8.75, 9.5913, 16],
			"rotation": {"angle": 45, "axis": "x", "origin": [10, 8, 8]},
			"faces": {
				"north": {"uv": [0, 0, 0.25, 3.1826], "texture": "#1"},
				"east": {"uv": [0, 0, 1, 3.1826], "texture": "#1"},
				"south": {"uv": [0, 0, 0.25, 3.1826], "texture": "#1"},
				"west": {"uv": [0, 0, 1, 3.1826], "texture": "#1"},
				"up": {"uv": [0, 0, 0.25, 1], "texture": "#1"},
				"down": {"uv": [0, 0, 0.25, 1], "texture": "#1"}
			}
		},
		{
			"name": "hexadecagon",
			"from": [8.5, 0, 6.4087],
			"to": [8.75, 1, 9.5913],
			"faces": {
				"north": {"uv": [0, 0, 0.25, 1], "rotation": 270, "texture": "#1"},
				"east": {"uv": [0, 0, 3.1826, 1], "rotation": 270, "texture": "#1"},
				"south": {"uv": [0, 0, 0.25, 1], "rotation": 270, "texture": "#1"},
				"west": {"uv": [0, 0, 3.1826, 1], "rotation": 270, "texture": "#1"},
				"up": {"uv": [0, 0, 0.25, 3.1826], "rotation": 270, "texture": "#1"},
				"down": {"uv": [0, 0, 0.25, 3.1826], "rotation": 270, "texture": "#1"}
			}
		},
		{
			"name": "hexadecagon",
			"from": [8.5, 0, 6.4087],
			"to": [8.75, 1, 9.5913],
			"rotation": {"angle": 45, "axis": "x", "origin": [10, 8, 8]},
			"faces": {
				"north": {"uv": [0, 0, 0.25, 1], "texture": "#1"},
				"east": {"uv": [0, 0, 3.1826, 1], "texture": "#1"},
				"south": {"uv": [0, 0, 0.25, 1], "texture": "#1"},
				"west": {"uv": [0, 0, 3.1826, 1], "texture": "#1"},
				"up": {"uv": [0, 0, 0.25, 3.1826], "texture": "#1"},
				"down": {"uv": [0, 0, 0.25, 3.1826], "texture": "#1"}
			}
		},
		{
			"name": "hexadecagon",
			"from": [8.5, 15, 6.4087],
			"to": [8.75, 16, 9.5913],
			"rotation": {"angle": 45, "axis": "x", "origin": [10, 8, 8]},
			"faces": {
				"north": {"uv": [0, 0, 0.25, 1], "texture": "#1"},
				"east": {"uv": [0, 0, 3.1826, 1], "texture": "#1"},
				"south": {"uv": [0, 0, 0.25, 1], "texture": "#1"},
				"west": {"uv": [0, 0, 3.1826, 1], "texture": "#1"},
				"up": {"uv": [0, 0, 0.25, 3.1826], "texture": "#1"},
				"down": {"uv": [0, 0, 0.25, 3.1826], "texture": "#1"}
			}
		},
		{
			"name": "hexadecagon",
			"from": [7, 2, 6.80653],
			"to": [8, 14, 9.19347],
			"rotation": {"angle": 22.5, "axis": "x", "origin": [7.5, 8, 8]},
			"faces": {
				"north": {"uv": [0, 0, 2.38695, 12], "texture": "#2"},
				"east": {"uv": [0, 0, 2.38695, 12], "texture": "#2"},
				"south": {"uv": [0, 0, 2.38695, 12], "texture": "#2"},
				"west": {"uv": [0, 0, 2.38695, 12], "texture": "#2"},
				"up": {"uv": [0, 0, 2.38695, 12], "texture": "#2"},
				"down": {"uv": [0, 0, 2.38695, 12], "texture": "#2"}
			}
		},
		{
			"name": "hexadecagon",
			"from": [7, 2, 6.80653],
			"to": [8, 14, 9.19347],
			"faces": {
				"north": {"uv": [0, 0, 2.38695, 12], "texture": "#2"},
				"east": {"uv": [0, 0, 2.38695, 12], "texture": "#2"},
				"south": {"uv": [0, 0, 2.38695, 12], "texture": "#2"},
				"west": {"uv": [0, 0, 2.38695, 12], "texture": "#2"},
				"up": {"uv": [0, 0, 2.38695, 12], "texture": "#2"},
				"down": {"uv": [0, 0, 2.38695, 12], "texture": "#2"}
			}
		},
		{
			"name": "hexadecagon",
			"from": [7, 2, 6.80653],
			"to": [8, 14, 9.19347],
			"rotation": {"angle": -22.5, "axis": "x", "origin": [7.5, 8, 8]},
			"faces": {
				"north": {"uv": [0, 0, 2.38695, 12], "texture": "#2"},
				"east": {"uv": [0, 0, 2.38695, 12], "texture": "#2"},
				"south": {"uv": [0, 0, 2.38695, 12], "texture": "#2"},
				"west": {"uv": [0, 0, 2.38695, 12], "texture": "#2"},
				"up": {"uv": [0, 0, 2.38695, 12], "texture": "#2"},
				"down": {"uv": [0, 0, 2.38695, 12], "texture": "#2"}
			}
		},
		{
			"name": "hexadecagon",
			"from": [7, 6.80653, 2],
			"to": [8, 9.19347, 14],
			"rotation": {"angle": 45, "axis": "x", "origin": [7.5, 8, 8]},
			"faces": {
				"north": {"uv": [0, 0, 12, 2.38695], "texture": "#2"},
				"east": {"uv": [0, 0, 12, 2.38695], "texture": "#2"},
				"south": {"uv": [0, 0, 12, 2.38695], "texture": "#2"},
				"west": {"uv": [0, 0, 12, 2.38695], "texture": "#2"},
				"up": {"uv": [0, 0, 12, 2.38695], "texture": "#2"},
				"down": {"uv": [0, 0, 12, 2.38695], "texture": "#2"}
			}
		},
		{
			"name": "hexadecagon",
			"from": [7, 6.80653, 2],
			"to": [8, 9.19347, 14],
			"rotation": {"angle": 22.5, "axis": "x", "origin": [7.5, 8, 8]},
			"faces": {
				"north": {"uv": [0, 0, 12, 2.38695], "texture": "#2"},
				"east": {"uv": [0, 0, 12, 2.38695], "texture": "#2"},
				"south": {"uv": [0, 0, 12, 2.38695], "texture": "#2"},
				"west": {"uv": [0, 0, 12, 2.38695], "texture": "#2"},
				"up": {"uv": [0, 0, 12, 2.38695], "texture": "#2"},
				"down": {"uv": [0, 0, 12, 2.38695], "texture": "#2"}
			}
		},
		{
			"name": "hexadecagon",
			"from": [7, 6.80653, 2],
			"to": [8, 9.19347, 14],
			"faces": {
				"north": {"uv": [0, 0, 12, 2.38695], "texture": "#2"},
				"east": {"uv": [0, 0, 12, 2.38695], "texture": "#2"},
				"south": {"uv": [0, 0, 12, 2.38695], "texture": "#2"},
				"west": {"uv": [0, 0, 12, 2.38695], "texture": "#2"},
				"up": {"uv": [0, 0, 12, 2.38695], "texture": "#2"},
				"down": {"uv": [0, 0, 12, 2.38695], "texture": "#2"}
			}
		},
		{
			"name": "hexadecagon",
			"from": [7, 6.80653, 2],
			"to": [8, 9.19347, 14],
			"rotation": {"angle": -22.5, "axis": "x", "origin": [7.5, 8, 8]},
			"faces": {
				"north": {"uv": [0, 0, 12, 2.38695], "texture": "#2"},
				"east": {"uv": [0, 0, 12, 2.38695], "texture": "#2"},
				"south": {"uv": [0, 0, 12, 2.38695], "texture": "#2"},
				"west": {"uv": [0, 0, 12, 2.38695], "texture": "#2"},
				"up": {"uv": [0, 0, 12, 2.38695], "texture": "#2"},
				"down": {"uv": [0, 0, 12, 2.38695], "texture": "#2"}
			}
		},
		{
			"name": "hexadecagon",
			"from": [7, 6.80653, 2],
			"to": [8, 9.19347, 14],
			"rotation": {"angle": -45, "axis": "x", "origin": [7.5, 8, 8]},
			"faces": {
				"north": {"uv": [0, 0, 12, 2.38695], "texture": "#2"},
				"east": {"uv": [0, 0, 12, 2.38695], "texture": "#2"},
				"south": {"uv": [0, 0, 12, 2.38695], "texture": "#2"},
				"west": {"uv": [0, 0, 12, 2.38695], "texture": "#2"},
				"up": {"uv": [0, 0, 12, 2.38695], "texture": "#2"},
				"down": {"uv": [0, 0, 12, 2.38695], "texture": "#2"}
			}
		},
		{
			"from": [4.25, -2, 13],
			"to": [9.25, -1, 15],
			"rotation": {"angle": -22.5, "axis": "z", "origin": [7.5, 0, 1.5]},
			"faces": {
				"north": {"uv": [0, 0, 5, 1], "texture": "#0"},
				"east": {"uv": [0, 0, 2, 1], "texture": "#0"},
				"south": {"uv": [0, 0, 5, 1], "texture": "#0"},
				"west": {"uv": [0, 0, 2, 1], "texture": "#0"},
				"up": {"uv": [0, 0, 5, 2], "texture": "#0"},
				"down": {"uv": [0, 0, 5, 2], "texture": "#0"}
			}
		},
		{
			"from": [5.25, -2, 1],
			"to": [8.25, 1, 3],
			"rotation": {"angle": -22.5, "axis": "z", "origin": [7.5, 0, 1.5]},
			"faces": {
				"north": {"uv": [0, 0, 3, 3], "texture": "#0"},
				"east": {"uv": [0, 0, 2, 3], "texture": "#0"},
				"south": {"uv": [0, 0, 3, 3], "texture": "#0"},
				"west": {"uv": [0, 0, 2, 3], "texture": "#0"},
				"up": {"uv": [0, 0, 3, 2], "texture": "#0"},
				"down": {"uv": [0, 0, 3, 2], "texture": "#0"}
			}
		},
		{
			"from": [5.5, -1, 0.75],
			"to": [8, 2, 1.75],
			"rotation": {"angle": -22.5, "axis": "z", "origin": [7.5, 0, 1.5]},
			"faces": {
				"north": {"uv": [0, 0, 2.5, 3], "texture": "#0"},
				"east": {"uv": [0, 0, 1, 3], "texture": "#0"},
				"south": {"uv": [0, 0, 2.5, 3], "texture": "#0"},
				"west": {"uv": [0, 0, 1, 3], "texture": "#0"},
				"up": {"uv": [0, 0, 2.5, 1], "texture": "#0"},
				"down": {"uv": [0, 0, 2.5, 1], "texture": "#0"}
			}
		},
		{
			"from": [4.25, -2, 1],
			"to": [9.25, -1, 3],
			"rotation": {"angle": -22.5, "axis": "z", "origin": [7.5, 0, 1.5]},
			"faces": {
				"north": {"uv": [0, 0, 5, 1], "texture": "#0"},
				"east": {"uv": [0, 0, 2, 1], "texture": "#0"},
				"south": {"uv": [0, 0, 5, 1], "texture": "#0"},
				"west": {"uv": [0, 0, 2, 1], "texture": "#0"},
				"up": {"uv": [0, 0, 5, 2], "texture": "#0"},
				"down": {"uv": [0, 0, 5, 2], "texture": "#0"}
			}
		},
		{
			"from": [5.25, -2, 13],
			"to": [8.25, 1, 15],
			"rotation": {"angle": -22.5, "axis": "z", "origin": [7.5, 0, 1.5]},
			"faces": {
				"north": {"uv": [0, 0, 3, 3], "texture": "#0"},
				"east": {"uv": [0, 0, 2, 3], "texture": "#0"},
				"south": {"uv": [0, 0, 3, 3], "texture": "#0"},
				"west": {"uv": [0, 0, 2, 3], "texture": "#0"},
				"up": {"uv": [0, 0, 3, 2], "texture": "#0"},
				"down": {"uv": [0, 0, 3, 2], "texture": "#0"}
			}
		},
		{
			"from": [5.5, -1, 14.25],
			"to": [8, 2, 15.25],
			"rotation": {"angle": -22.5, "axis": "z", "origin": [7.5, 0, 1.5]},
			"faces": {
				"north": {"uv": [0, 0, 2.5, 3], "texture": "#0"},
				"east": {"uv": [0, 0, 1, 3], "texture": "#0"},
				"south": {"uv": [0, 0, 2.5, 3], "texture": "#0"},
				"west": {"uv": [0, 0, 1, 3], "texture": "#0"},
				"up": {"uv": [0, 0, 2.5, 1], "texture": "#0"},
				"down": {"uv": [0, 0, 2.5, 1], "texture": "#0"}
			}
		}
	],
	"display": {
		"head": {
			"rotation": [21, 90, 0],
			"translation": [0, -5.75, 0],
			"scale": [4, 4, 4]
		}
	},
	"groups": [
		{
			"name": "frame",
			"children": [0, 1, 2, 3, 4, 5, 6, 7, 8, 9, 10, 11, 12, 13, 14, 15]
		},
		{
			"name": "frame2",
			"children": [16, 17, 18, 19, 20, 21, 22, 23]
		},
		{
			"name": "vortex",
			"children": [24, 25, 26, 27, 28, 29, 30, 31]
		},
		{
			"name": "feet",
			"children": [32, 33, 34, 35, 36, 37]
		}
	]
}