{
	"parent": "item/handheld",
	"textures": {
		"layer0": "item/shears"
	},
	"overrides": [
		{ "predicate": {"damaged": 0, "damage": 0}, "model": "item/shears"},
		{ "predicate": {"damaged": 0, "damage": 0.004201680672268907}, "model": "item/shears"},
		{ "predicate": {"damaged": 0, "damage": 0.008403361344537815}, "model": "item/muaythairopes"},
		{ "predicate": {"damaged": 0, "damage": 0.012605042016806723}, "model": "item/shears2"},
		{ "predicate": {"damaged": 0, "damage": 0.01680672268907563}, "model": "item/shears3"},
		{ "predicate": {"damaged": 0, "damage": 0.021008403361344536}, "model": "item/shears4"},
		{ "predicate": {"damaged": 0, "damage": 0.025210084033613446}, "model": "item/shears5"},
		{ "predicate": {"damaged": 0, "damage": 0.029411764705882353}, "model": "item/shears6"},
		{ "predicate": {"damaged": 0, "damage": 0.03361344537815126}, "model": "item/shears7"},
		{ "predicate": {"damaged": 0, "damage": 0.037815126050420166}, "model": "item/shears8"},
		{ "predicate": {"damaged": 0, "damage": 0.04201680672268907}, "model": "item/shears9"},
		{ "predicate": {"damaged": 0, "damage": 0.04621848739495798}, "model": "item/shears10"},
		{ "predicate": {"damaged": 0, "damage": 0.05042016806722689}, "model": "item/shears11"},
		{ "predicate": {"damaged": 0, "damage": 0.0546218487394958}, "model": "item/shears12"},
		{ "predicate": {"damaged": 0, "damage": 0.058823529411764705}, "model": "item/shears13"},
		{ "predicate": {"damaged": 0, "damage": 0.06302521008403361}, "model": "item/shears14"},
		{ "predicate": {"damaged": 0, "damage": 0.06722689075630252}, "model": "item/shears15"},
		{ "predicate": {"damaged": 0, "damage": 0.07142857142857142}, "model": "item/shears16"},
		{ "predicate": {"damaged": 0, "damage": 0.07563025210084033}, "model": "item/shears17"},
		{ "predicate": {"damaged": 0, "damage": 0.07983193277310924}, "model": "item/shears18"},
		{ "predicate": {"damaged": 0, "damage": 0.08403361344537814}, "model": "item/shears19"},
		{ "predicate": {"damaged": 0, "damage": 0.08823529411764705}, "model": "item/shears20"},
		{ "predicate": {"damaged": 0, "damage": 0.09243697478991596}, "model": "item/shears21"},
		{ "predicate": {"damaged": 0, "damage": 0.09663865546218486}, "model": "item/shears22"},
		{ "predicate": {"damaged": 0, "damage": 0.10084033613445378}, "model": "item/shears23"},
		{ "predicate": {"damaged": 0, "damage": 0.10504201680672269}, "model": "item/shears24"},
		{ "predicate": {"damaged": 0, "damage": 0.1092436974789916}, "model": "item/shears25"},
		{ "predicate": {"damaged": 0, "damage": 0.1134453781512605}, "model": "item/shears26"},
		{ "predicate": {"damaged": 0, "damage": 0.11764705882352941}, "model": "item/shears27"},
		{ "predicate": {"damaged": 0, "damage": 0.12184873949579832}, "model": "item/shears28"},
		{ "predicate": {"damaged": 0, "damage": 0.12605042016806722}, "model": "item/shears29"},
		{ "predicate": {"damaged": 0, "damage": 0.13025210084033612}, "model": "item/shears30"},
		{ "predicate": {"damaged": 0, "damage": 0.13445378151260504}, "model": "item/shears31"},
		{ "predicate": {"damaged": 0, "damage": 0.13865546218487396}, "model": "item/shears32"},
		{ "predicate": {"damaged": 0, "damage": 0.14285714285714285}, "model": "item/shears33"},
		{ "predicate": {"damaged": 0, "damage": 0.14705882352941177}, "model": "item/shears34"},
		{ "predicate": {"damaged": 0, "damage": 0.15126050420168066}, "model": "item/shears35"},
		{ "predicate": {"damaged": 0, "damage": 0.15546218487394958}, "model": "item/shears36"},
		{ "predicate": {"damaged": 0, "damage": 0.15966386554621848}, "model": "item/shears37"},
		{ "predicate": {"damaged": 0, "damage": 0.1638655462184874}, "model": "item/shears38"},
		{ "predicate": {"damaged": 0, "damage": 0.1680672268907563}, "model": "item/shears39"},
		{ "predicate": {"damaged": 0, "damage": 0.1722689075630252}, "model": "item/shears40"},
		{ "predicate": {"damaged": 0, "damage": 0.1764705882352941}, "model": "item/shears41"},
		{ "predicate": {"damaged": 0, "damage": 0.18067226890756302}, "model": "item/shears42"},
		{ "predicate": {"damaged": 0, "damage": 0.18487394957983191}, "model": "item/shears43"},
		{ "predicate": {"damaged": 0, "damage": 0.18907563025210083}, "model": "item/shears44"},
		{ "predicate": {"damaged": 0, "damage": 0.19327731092436973}, "model": "item/shears45"},
		{ "predicate": {"damaged": 0, "damage": 0.19747899159663865}, "model": "item/shears46"},
		{ "predicate": {"damaged": 0, "damage": 0.20168067226890757}, "model": "item/shears47"},
		{ "predicate": {"damaged": 0, "damage": 0.20588235294117646}, "model": "item/shears48"},
		{ "predicate": {"damaged": 0, "damage": 0.21008403361344538}, "model": "item/shears49"},
		{ "predicate": {"damaged": 0, "damage": 0.21428571428571427}, "model": "item/shears50"},
		{ "predicate": {"damaged": 0, "damage": 0.2184873949579832}, "model": "item/shears51"},
		{ "predicate": {"damaged": 0, "damage": 0.2226890756302521}, "model": "item/shears52"},
		{ "predicate": {"damaged": 0, "damage": 0.226890756302521}, "model": "item/shears53"},
		{ "predicate": {"damaged": 0, "damage": 0.2310924369747899}, "model": "item/shears54"},
		{ "predicate": {"damaged": 0, "damage": 0.23529411764705882}, "model": "item/shears55"},
		{ "predicate": {"damaged": 0, "damage": 0.2394957983193277}, "model": "item/shears56"},
		{ "predicate": {"damaged": 0, "damage": 0.24369747899159663}, "model": "item/shears57"},
		{ "predicate": {"damaged": 0, "damage": 0.24789915966386553}, "model": "item/shears58"},
		{ "predicate": {"damaged": 0, "damage": 0.25210084033613445}, "model": "item/shears59"},
		{ "predicate": {"damaged": 0, "damage": 0.25630252100840334}, "model": "item/shears60"},
		{ "predicate": {"damaged": 0, "damage": 0.26050420168067223}, "model": "item/shears61"},
		{ "predicate": {"damaged": 0, "damage": 0.2647058823529412}, "model": "item/shears62"},
		{ "predicate": {"damaged": 0, "damage": 0.2689075630252101}, "model": "item/shears63"},
		{ "predicate": {"damaged": 0, "damage": 0.27310924369747897}, "model": "item/shears64"},
		{ "predicate": {"damaged": 0, "damage": 0.2773109243697479}, "model": "item/shears65"},
		{ "predicate": {"damaged": 0, "damage": 0.2815126050420168}, "model": "item/shears66"},
		{ "predicate": {"damaged": 0, "damage": 0.2857142857142857}, "model": "item/shears67"},
		{ "predicate": {"damaged": 0, "damage": 0.2899159663865546}, "model": "item/shears68"},
		{ "predicate": {"damaged": 0, "damage": 0.29411764705882354}, "model": "item/shears69"},
		{ "predicate": {"damaged": 0, "damage": 0.29831932773109243}, "model": "item/shears70"},
		{ "predicate": {"damaged": 0, "damage": 0.3025210084033613}, "model": "item/shears71"},
		{ "predicate": {"damaged": 0, "damage": 0.3067226890756302}, "model": "item/shears72"},
		{ "predicate": {"damaged": 0, "damage": 0.31092436974789917}, "model": "item/shears73"},
		{ "predicate": {"damaged": 0, "damage": 0.31512605042016806}, "model": "item/shears74"},
		{ "predicate": {"damaged": 0, "damage": 0.31932773109243695}, "model": "item/shears75"},
		{ "predicate": {"damaged": 0, "damage": 0.32352941176470584}, "model": "item/shears76"},
		{ "predicate": {"damaged": 0, "damage": 0.3277310924369748}, "model": "item/shears77"},
		{ "predicate": {"damaged": 0, "damage": 0.3319327731092437}, "model": "item/shears78"},
		{ "predicate": {"damaged": 0, "damage": 0.3361344537815126}, "model": "item/shears79"},
		{ "predicate": {"damaged": 0, "damage": 0.3403361344537815}, "model": "item/shears80"},
		{ "predicate": {"damaged": 0, "damage": 0.3445378151260504}, "model": "item/shears81"},
		{ "predicate": {"damaged": 0, "damage": 0.3487394957983193}, "model": "item/shears82"},
		{ "predicate": {"damaged": 0, "damage": 0.3529411764705882}, "model": "item/shears83"},
		{ "predicate": {"damaged": 0, "damage": 0.35714285714285715}, "model": "item/shears84"},
		{ "predicate": {"damaged": 0, "damage": 0.36134453781512604}, "model": "item/shears85"},
		{ "predicate": {"damaged": 0, "damage": 0.36554621848739494}, "model": "item/shears86"},
		{ "predicate": {"damaged": 0, "damage": 0.36974789915966383}, "model": "item/shears87"},
		{ "predicate": {"damaged": 0, "damage": 0.3739495798319328}, "model": "item/shears88"},
		{ "predicate": {"damaged": 0, "damage": 0.37815126050420167}, "model": "item/shears89"},
		{ "predicate": {"damaged": 0, "damage": 0.38235294117647056}, "model": "item/shears90"},
		{ "predicate": {"damaged": 0, "damage": 0.38655462184873945}, "model": "item/shears91"},
		{ "predicate": {"damaged": 0, "damage": 0.3907563025210084}, "model": "item/shears92"},
		{ "predicate": {"damaged": 0, "damage": 0.3949579831932773}, "model": "item/shears93"},
		{ "predicate": {"damaged": 0, "damage": 0.3991596638655462}, "model": "item/shears94"},
		{ "predicate": {"damaged": 0, "damage": 0.40336134453781514}, "model": "item/shears95"},
		{ "predicate": {"damaged": 0, "damage": 0.40756302521008403}, "model": "item/shears96"},
		{ "predicate": {"damaged": 0, "damage": 0.4117647058823529}, "model": "item/shears97"},
		{ "predicate": {"damaged": 0, "damage": 0.4159663865546218}, "model": "item/shears98"},
		{ "predicate": {"damaged": 0, "damage": 0.42016806722689076}, "model": "item/shears99"},
		{ "predicate": {"damaged": 0, "damage": 0.42436974789915966}, "model": "item/shears100"},
		{ "predicate": {"damaged": 0, "damage": 0.42857142857142855}, "model": "item/shears101"},
		{ "predicate": {"damaged": 0, "damage": 0.43277310924369744}, "model": "item/shears102"},
		{ "predicate": {"damaged": 0, "damage": 0.4369747899159664}, "model": "item/shears103"},
		{ "predicate": {"damaged": 0, "damage": 0.4411764705882353}, "model": "item/shears104"},
		{ "predicate": {"damaged": 0, "damage": 0.4453781512605042}, "model": "item/shears105"},
		{ "predicate": {"damaged": 0, "damage": 0.44957983193277307}, "model": "item/shears106"},
		{ "predicate": {"damaged": 0, "damage": 0.453781512605042}, "model": "item/shears107"},
		{ "predicate": {"damaged": 0, "damage": 0.4579831932773109}, "model": "item/shears108"},
		{ "predicate": {"damaged": 0, "damage": 0.4621848739495798}, "model": "item/shears109"},
		{ "predicate": {"damaged": 0, "damage": 0.4663865546218487}, "model": "item/shears110"},
		{ "predicate": {"damaged": 0, "damage": 0.47058823529411764}, "model": "item/shears111"},
		{ "predicate": {"damaged": 0, "damage": 0.47478991596638653}, "model": "item/shears112"},
		{ "predicate": {"damaged": 0, "damage": 0.4789915966386554}, "model": "item/shears113"},
		{ "predicate": {"damaged": 0, "damage": 0.4831932773109244}, "model": "item/shears114"},
		{ "predicate": {"damaged": 0, "damage": 0.48739495798319327}, "model": "item/shears115"},
		{ "predicate": {"damaged": 0, "damage": 0.49159663865546216}, "model": "item/shears116"},
		{ "predicate": {"damaged": 0, "damage": 0.49579831932773105}, "model": "item/shears117"},
		{ "predicate": {"damaged": 0, "damage": 0.5}, "model": "item/shears118"},
		{ "predicate": {"damaged": 0, "damage": 0.5042016806722689}, "model": "item/shears119"},
		{ "predicate": {"damaged": 0, "damage": 0.5084033613445378}, "model": "item/shears120"},
		{ "predicate": {"damaged": 0, "damage": 0.5126050420168067}, "model": "item/shears121"},
		{ "predicate": {"damaged": 0, "damage": 0.5168067226890756}, "model": "item/shears122"},
		{ "predicate": {"damaged": 0, "damage": 0.5210084033613445}, "model": "item/shears123"},
		{ "predicate": {"damaged": 0, "damage": 0.5252100840336135}, "model": "item/shears124"},
		{ "predicate": {"damaged": 0, "damage": 0.5294117647058824}, "model": "item/shears125"},
		{ "predicate": {"damaged": 0, "damage": 0.5336134453781513}, "model": "item/shears126"},
		{ "predicate": {"damaged": 0, "damage": 0.5378151260504201}, "model": "item/shears127"},
		{ "predicate": {"damaged": 0, "damage": 0.542016806722689}, "model": "item/shears128"},
		{ "predicate": {"damaged": 0, "damage": 0.5462184873949579}, "model": "item/shears129"},
		{ "predicate": {"damaged": 0, "damage": 0.5504201680672268}, "model": "item/shears130"},
		{ "predicate": {"damaged": 0, "damage": 0.5546218487394958}, "model": "item/shears131"},
		{ "predicate": {"damaged": 0, "damage": 0.5588235294117647}, "model": "item/shears132"},
		{ "predicate": {"damaged": 0, "damage": 0.5630252100840336}, "model": "item/shears133"},
		{ "predicate": {"damaged": 0, "damage": 0.5672268907563025}, "model": "item/shears134"},
		{ "predicate": {"damaged": 0, "damage": 0.5714285714285714}, "model": "item/shears135"},
		{ "predicate": {"damaged": 0, "damage": 0.5756302521008403}, "model": "item/shears136"},
		{ "predicate": {"damaged": 0, "damage": 0.5798319327731092}, "model": "item/shears137"},
		{ "predicate": {"damaged": 0, "damage": 0.5840336134453781}, "model": "item/shears138"},
		{ "predicate": {"damaged": 0, "damage": 0.5882352941176471}, "model": "item/shears139"},
		{ "predicate": {"damaged": 0, "damage": 0.592436974789916}, "model": "item/shears140"},
		{ "predicate": {"damaged": 0, "damage": 0.5966386554621849}, "model": "item/shears141"},
		{ "predicate": {"damaged": 0, "damage": 0.6008403361344538}, "model": "item/shears142"},
		{ "predicate": {"damaged": 0, "damage": 0.6050420168067226}, "model": "item/shears143"},
		{ "predicate": {"damaged": 0, "damage": 0.6092436974789915}, "model": "item/shears144"},
		{ "predicate": {"damaged": 0, "damage": 0.6134453781512604}, "model": "item/shears145"},
		{ "predicate": {"damaged": 0, "damage": 0.6176470588235294}, "model": "item/shears146"},
		{ "predicate": {"damaged": 0, "damage": 0.6218487394957983}, "model": "item/shears147"},
		{ "predicate": {"damaged": 0, "damage": 0.6260504201680672}, "model": "item/shears148"},
		{ "predicate": {"damaged": 0, "damage": 0.6302521008403361}, "model": "item/shears149"},
		{ "predicate": {"damaged": 0, "damage": 0.634453781512605}, "model": "item/shears150"},
		{ "predicate": {"damaged": 0, "damage": 0.6386554621848739}, "model": "item/shears151"},
		{ "predicate": {"damaged": 0, "damage": 0.6428571428571428}, "model": "item/shears152"},
		{ "predicate": {"damaged": 0, "damage": 0.6470588235294117}, "model": "item/shears153"},
		{ "predicate": {"damaged": 0, "damage": 0.6512605042016807}, "model": "item/shears154"},
		{ "predicate": {"damaged": 0, "damage": 0.6554621848739496}, "model": "item/shears155"},
		{ "predicate": {"damaged": 0, "damage": 0.6596638655462185}, "model": "item/shears156"},
		{ "predicate": {"damaged": 0, "damage": 0.6638655462184874}, "model": "item/shears157"},
		{ "predicate": {"damaged": 0, "damage": 0.6680672268907563}, "model": "item/shears158"},
		{ "predicate": {"damaged": 0, "damage": 0.6722689075630252}, "model": "item/shears159"},
		{ "predicate": {"damaged": 0, "damage": 0.676470588235294}, "model": "item/shears160"},
		{ "predicate": {"damaged": 0, "damage": 0.680672268907563}, "model": "item/shears161"},
		{ "predicate": {"damaged": 0, "damage": 0.6848739495798319}, "model": "item/shears162"},
		{ "predicate": {"damaged": 0, "damage": 0.6890756302521008}, "model": "item/shears163"},
		{ "predicate": {"damaged": 0, "damage": 0.6932773109243697}, "model": "item/shears164"},
		{ "predicate": {"damaged": 0, "damage": 0.6974789915966386}, "model": "item/shears165"},
		{ "predicate": {"damaged": 0, "damage": 0.7016806722689075}, "model": "item/shears166"},
		{ "predicate": {"damaged": 0, "damage": 0.7058823529411764}, "model": "item/shears167"},
		{ "predicate": {"damaged": 0, "damage": 0.7100840336134453}, "model": "item/shears168"},
		{ "predicate": {"damaged": 0, "damage": 0.7142857142857143}, "model": "item/shears169"},
		{ "predicate": {"damaged": 0, "damage": 0.7184873949579832}, "model": "item/shears170"},
		{ "predicate": {"damaged": 0, "damage": 0.7226890756302521}, "model": "item/shears171"},
		{ "predicate": {"damaged": 0, "damage": 0.726890756302521}, "model": "item/shears172"},
		{ "predicate": {"damaged": 0, "damage": 0.7310924369747899}, "model": "item/shears173"},
		{ "predicate": {"damaged": 0, "damage": 0.7352941176470588}, "model": "item/shears174"},
		{ "predicate": {"damaged": 0, "damage": 0.7394957983193277}, "model": "item/shears175"},
		{ "predicate": {"damaged": 0, "damage": 0.7436974789915967}, "model": "item/shears176"},
		{ "predicate": {"damaged": 0, "damage": 0.7478991596638656}, "model": "item/shears177"},
		{ "predicate": {"damaged": 0, "damage": 0.7521008403361344}, "model": "item/shears178"},
		{ "predicate": {"damaged": 0, "damage": 0.7563025210084033}, "model": "item/shears179"},
		{ "predicate": {"damaged": 0, "damage": 0.7605042016806722}, "model": "item/shears180"},
		{ "predicate": {"damaged": 0, "damage": 0.7647058823529411}, "model": "item/shears181"},
		{ "predicate": {"damaged": 0, "damage": 0.76890756302521}, "model": "item/shears182"},
		{ "predicate": {"damaged": 0, "damage": 0.7731092436974789}, "model": "item/shears183"},
		{ "predicate": {"damaged": 0, "damage": 0.7773109243697479}, "model": "item/shears184"},
		{ "predicate": {"damaged": 0, "damage": 0.7815126050420168}, "model": "item/shears185"},
		{ "predicate": {"damaged": 0, "damage": 0.7857142857142857}, "model": "item/shears186"},
		{ "predicate": {"damaged": 0, "damage": 0.7899159663865546}, "model": "item/shears187"},
		{ "predicate": {"damaged": 0, "damage": 0.7941176470588235}, "model": "item/shears188"},
		{ "predicate": {"damaged": 0, "damage": 0.7983193277310924}, "model": "item/shears189"},
		{ "predicate": {"damaged": 0, "damage": 0.8025210084033613}, "model": "item/shears190"},
		{ "predicate": {"damaged": 0, "damage": 0.8067226890756303}, "model": "item/shears191"},
		{ "predicate": {"damaged": 0, "damage": 0.8109243697478992}, "model": "item/shears192"},
		{ "predicate": {"damaged": 0, "damage": 0.8151260504201681}, "model": "item/shears193"},
		{ "predicate": {"damaged": 0, "damage": 0.819327731092437}, "model": "item/shears194"},
		{ "predicate": {"damaged": 0, "damage": 0.8235294117647058}, "model": "item/shears195"},
		{ "predicate": {"damaged": 0, "damage": 0.8277310924369747}, "model": "item/shears196"},
		{ "predicate": {"damaged": 0, "damage": 0.8319327731092436}, "model": "item/shears197"},
		{ "predicate": {"damaged": 0, "damage": 0.8361344537815125}, "model": "item/shears198"},
		{ "predicate": {"damaged": 0, "damage": 0.8403361344537815}, "model": "item/shears199"},
		{ "predicate": {"damaged": 0, "damage": 0.8445378151260504}, "model": "item/shears200"},
		{ "predicate": {"damaged": 0, "damage": 0.8487394957983193}, "model": "item/shears201"},
		{ "predicate": {"damaged": 0, "damage": 0.8529411764705882}, "model": "item/shears202"},
		{ "predicate": {"damaged": 0, "damage": 0.8571428571428571}, "model": "item/shears203"},
		{ "predicate": {"damaged": 0, "damage": 0.861344537815126}, "model": "item/shears204"},
		{ "predicate": {"damaged": 0, "damage": 0.8655462184873949}, "model": "item/shears205"},
		{ "predicate": {"damaged": 0, "damage": 0.8697478991596638}, "model": "item/shears206"},
		{ "predicate": {"damaged": 0, "damage": 0.8739495798319328}, "model": "item/shears207"},
		{ "predicate": {"damaged": 0, "damage": 0.8781512605042017}, "model": "item/shears208"},
		{ "predicate": {"damaged": 0, "damage": 0.8823529411764706}, "model": "item/shears209"},
		{ "predicate": {"damaged": 0, "damage": 0.8865546218487395}, "model": "item/shears210"},
		{ "predicate": {"damaged": 0, "damage": 0.8907563025210083}, "model": "item/shears211"},
		{ "predicate": {"damaged": 0, "damage": 0.8949579831932772}, "model": "item/shears212"},
		{ "predicate": {"damaged": 0, "damage": 0.8991596638655461}, "model": "item/shears213"},
		{ "predicate": {"damaged": 0, "damage": 0.9033613445378151}, "model": "item/shears214"},
		{ "predicate": {"damaged": 0, "damage": 0.907563025210084}, "model": "item/shears215"},
		{ "predicate": {"damaged": 0, "damage": 0.9117647058823529}, "model": "item/shears216"},
		{ "predicate": {"damaged": 0, "damage": 0.9159663865546218}, "model": "item/shears217"},
		{ "predicate": {"damaged": 0, "damage": 0.9201680672268907}, "model": "item/shears218"},
		{ "predicate": {"damaged": 0, "damage": 0.9243697478991596}, "model": "item/shears219"},
		{ "predicate": {"damaged": 0, "damage": 0.9285714285714285}, "model": "item/shears220"},
		{ "predicate": {"damaged": 0, "damage": 0.9327731092436974}, "model": "item/shears221"},
		{ "predicate": {"damaged": 0, "damage": 0.9369747899159664}, "model": "item/shears222"},
		{ "predicate": {"damaged": 0, "damage": 0.9411764705882353}, "model": "item/shears223"},
		{ "predicate": {"damaged": 0, "damage": 0.9453781512605042}, "model": "item/shears224"},
		{ "predicate": {"damaged": 0, "damage": 0.9495798319327731}, "model": "item/shears225"},
		{ "predicate": {"damaged": 0, "damage": 0.953781512605042}, "model": "item/shears226"},
		{ "predicate": {"damaged": 0, "damage": 0.9579831932773109}, "model": "item/shears227"},
		{ "predicate": {"damaged": 0, "damage": 0.9621848739495797}, "model": "item/shears228"},
		{ "predicate": {"damaged": 0, "damage": 0.9663865546218487}, "model": "item/shears229"},
		{ "predicate": {"damaged": 0, "damage": 0.9705882352941176}, "model": "item/shears230"},
		{ "predicate": {"damaged": 0, "damage": 0.9747899159663865}, "model": "item/shears231"},
		{ "predicate": {"damaged": 0, "damage": 0.9789915966386554}, "model": "item/shears232"},
		{ "predicate": {"damaged": 0, "damage": 0.9831932773109243}, "model": "item/shears233"},
		{ "predicate": {"damaged": 0, "damage": 0.9873949579831932}, "model": "item/shears234"},
		{ "predicate": {"damaged": 0, "damage": 0.9915966386554621}, "model": "item/shears235"},
		{ "predicate": {"damaged": 0, "damage": 0.995798319327731}, "model": "item/shears236"},
		{ "predicate": {"damaged": 1, "damage": 0}, "model": "item/shears"}
	]
}