{
    "parent": "builtin/entity",
    "display": {
        "thirdperson_righthand": {
            "rotation": [ 0, 90, 0 ],
            "translation": [ 10.51, 6, -4 ],
            "scale": [ 1, 1, 1 ]
        },
        "thirdperson_lefthand": {
            "rotation": [ 0, 90, 0 ],
            "translation": [ 10.51, 6, 12 ],
            "scale": [ 1, 1, 1 ]
        },
        "firstperson_righthand": {
            "rotation": [ 0, 180, 5 ],
            "translation": [ -10, 2, -10 ],
            "scale": [ 1.25, 1.25, 1.25 ]
        },
        "firstperson_lefthand": {
            "rotation": [ 0, 180, 5 ],
            "translation": [ 10, 0, -10 ],
            "scale": [ 1.25, 1.25, 1.25 ]
        },
        "gui": {
            "rotation": [ 15, -25, -5 ],
            "translation": [ 2, 3, 0 ],
            "scale": [ 0.65, 0.65, 0.65 ]
        },
        "fixed": {
            "rotation": [ 0, 180, 0 ],
            "translation": [ -2, 4, -5],
            "scale":[ 0.5, 0.5, 0.5]
        },
        "ground": {
            "rotation": [ 0, 0, 0 ],
            "translation": [ 4, 4, 2],
            "scale":[ 0.25, 0.25, 0.25]
        }
    },
    "overrides": [
        {
            "predicate": {
                "blocking": 1
            },
            "model": "item/shield_blocking"},
        { "predicate": {"damaged": 0, "damage": 0}, "model": "item/shield"},
		{ "predicate": {"damaged": 0, "damage": 0.002967359050445104}, "model": "item/shield"},
		{ "predicate": {"damaged": 0, "damage": 0.005934718100890208}, "model": "item/shield"},
		{ "predicate": {"damaged": 0, "damage": 0.008902077151335312}, "model": "item/shield"},
		{ "predicate": {"damaged": 0, "damage": 0.011869436201780416}, "model": "item/shield"},
		{ "predicate": {"damaged": 0, "damage": 0.01483679525222552}, "model": "item/shield"},
		{ "predicate": {"damaged": 0, "damage": 0.017804154302670624}, "model": "item/shield"},
		{ "predicate": {"damaged": 0, "damage": 0.02077151335311573}, "model": "item/baton"},
		{ "predicate": {"damaged": 0, "damage": 0.02373887240356083}, "model": "item/shield"},
		{ "predicate": {"damaged": 0, "damage": 0.026706231454005934}, "model": "item/shield"},
		{ "predicate": {"damaged": 0, "damage": 0.02967359050445104}, "model": "item/shield"},
		{ "predicate": {"damaged": 0, "damage": 0.032640949554896145}, "model": "item/shield"},
		{ "predicate": {"damaged": 0, "damage": 0.03560830860534125}, "model": "item/shield"},
		{ "predicate": {"damaged": 0, "damage": 0.03857566765578635}, "model": "item/shield"},
		{ "predicate": {"damaged": 0, "damage": 0.04154302670623146}, "model": "item/shield"},
		{ "predicate": {"damaged": 0, "damage": 0.04451038575667656}, "model": "item/shield"},
		{ "predicate": {"damaged": 0, "damage": 0.04747774480712166}, "model": "item/shield"},
		{ "predicate": {"damaged": 0, "damage": 0.050445103857566766}, "model": "item/shield"},
		{ "predicate": {"damaged": 0, "damage": 0.05341246290801187}, "model": "item/shield"},
		{ "predicate": {"damaged": 0, "damage": 0.05637982195845698}, "model": "item/shield"},
		{ "predicate": {"damaged": 0, "damage": 0.05934718100890208}, "model": "item/shield"},
		{ "predicate": {"damaged": 0, "damage": 0.06231454005934718}, "model": "item/shield"},
		{ "predicate": {"damaged": 0, "damage": 0.06528189910979229}, "model": "item/shield"},
		{ "predicate": {"damaged": 0, "damage": 0.06824925816023739}, "model": "item/shield"},
		{ "predicate": {"damaged": 0, "damage": 0.0712166172106825}, "model": "item/shield"},
		{ "predicate": {"damaged": 0, "damage": 0.0741839762611276}, "model": "item/shield"},
		{ "predicate": {"damaged": 0, "damage": 0.0771513353115727}, "model": "item/shield"},
		{ "predicate": {"damaged": 0, "damage": 0.08011869436201781}, "model": "item/shield"},
		{ "predicate": {"damaged": 0, "damage": 0.08308605341246292}, "model": "item/shield"},
		{ "predicate": {"damaged": 0, "damage": 0.08605341246290801}, "model": "item/shield"},
		{ "predicate": {"damaged": 0, "damage": 0.08902077151335312}, "model": "item/shield"},
		{ "predicate": {"damaged": 0, "damage": 0.09198813056379822}, "model": "item/shield"},
		{ "predicate": {"damaged": 0, "damage": 0.09495548961424333}, "model": "item/shield"},
		{ "predicate": {"damaged": 0, "damage": 0.09792284866468844}, "model": "item/shield"},
		{ "predicate": {"damaged": 0, "damage": 0.10089020771513353}, "model": "item/shield"},
		{ "predicate": {"damaged": 0, "damage": 0.10385756676557864}, "model": "item/shield"},
		{ "predicate": {"damaged": 0, "damage": 0.10682492581602374}, "model": "item/shield"},
		{ "predicate": {"damaged": 0, "damage": 0.10979228486646884}, "model": "item/shield"},
		{ "predicate": {"damaged": 0, "damage": 0.11275964391691395}, "model": "item/shield"},
		{ "predicate": {"damaged": 0, "damage": 0.11572700296735905}, "model": "item/shield"},
		{ "predicate": {"damaged": 0, "damage": 0.11869436201780416}, "model": "item/shield"},
		{ "predicate": {"damaged": 0, "damage": 0.12166172106824927}, "model": "item/shield"},
		{ "predicate": {"damaged": 0, "damage": 0.12462908011869436}, "model": "item/shield"},
		{ "predicate": {"damaged": 0, "damage": 0.12759643916913946}, "model": "item/shield"},
		{ "predicate": {"damaged": 0, "damage": 0.13056379821958458}, "model": "item/shield"},
		{ "predicate": {"damaged": 0, "damage": 0.13353115727002968}, "model": "item/shield"},
		{ "predicate": {"damaged": 0, "damage": 0.13649851632047477}, "model": "item/shield"},
		{ "predicate": {"damaged": 0, "damage": 0.1394658753709199}, "model": "item/shield"},
		{ "predicate": {"damaged": 0, "damage": 0.142433234421365}, "model": "item/shield"},
		{ "predicate": {"damaged": 0, "damage": 0.14540059347181009}, "model": "item/shield"},
		{ "predicate": {"damaged": 0, "damage": 0.1483679525222552}, "model": "item/shield"},
		{ "predicate": {"damaged": 0, "damage": 0.1513353115727003}, "model": "item/shield"},
		{ "predicate": {"damaged": 0, "damage": 0.1543026706231454}, "model": "item/shield"},
		{ "predicate": {"damaged": 0, "damage": 0.15727002967359052}, "model": "item/shield"},
		{ "predicate": {"damaged": 0, "damage": 0.16023738872403562}, "model": "item/shield"},
		{ "predicate": {"damaged": 0, "damage": 0.1632047477744807}, "model": "item/shield"},
		{ "predicate": {"damaged": 0, "damage": 0.16617210682492584}, "model": "item/shield"},
		{ "predicate": {"damaged": 0, "damage": 0.16913946587537093}, "model": "item/shield"},
		{ "predicate": {"damaged": 0, "damage": 0.17210682492581603}, "model": "item/shield"},
		{ "predicate": {"damaged": 0, "damage": 0.17507418397626112}, "model": "item/shield"},
		{ "predicate": {"damaged": 0, "damage": 0.17804154302670624}, "model": "item/shield"},
		{ "predicate": {"damaged": 0, "damage": 0.18100890207715134}, "model": "item/shield"},
		{ "predicate": {"damaged": 0, "damage": 0.18397626112759644}, "model": "item/shield"},
		{ "predicate": {"damaged": 0, "damage": 0.18694362017804156}, "model": "item/shield"},
		{ "predicate": {"damaged": 0, "damage": 0.18991097922848665}, "model": "item/shield"},
		{ "predicate": {"damaged": 0, "damage": 0.19287833827893175}, "model": "item/shield"},
		{ "predicate": {"damaged": 0, "damage": 0.19584569732937687}, "model": "item/shield"},
		{ "predicate": {"damaged": 0, "damage": 0.19881305637982197}, "model": "item/shield"},
		{ "predicate": {"damaged": 0, "damage": 0.20178041543026706}, "model": "item/shield"},
		{ "predicate": {"damaged": 0, "damage": 0.20474777448071219}, "model": "item/shield"},
		{ "predicate": {"damaged": 0, "damage": 0.20771513353115728}, "model": "item/shield"},
		{ "predicate": {"damaged": 0, "damage": 0.21068249258160238}, "model": "item/shield"},
		{ "predicate": {"damaged": 0, "damage": 0.21364985163204747}, "model": "item/shield"},
		{ "predicate": {"damaged": 0, "damage": 0.2166172106824926}, "model": "item/shield"},
		{ "predicate": {"damaged": 0, "damage": 0.2195845697329377}, "model": "item/shield"},
		{ "predicate": {"damaged": 0, "damage": 0.22255192878338279}, "model": "item/shield"},
		{ "predicate": {"damaged": 0, "damage": 0.2255192878338279}, "model": "item/shield"},
		{ "predicate": {"damaged": 0, "damage": 0.228486646884273}, "model": "item/shield"},
		{ "predicate": {"damaged": 0, "damage": 0.2314540059347181}, "model": "item/shield"},
		{ "predicate": {"damaged": 0, "damage": 0.23442136498516322}, "model": "item/shield"},
		{ "predicate": {"damaged": 0, "damage": 0.23738872403560832}, "model": "item/shield"},
		{ "predicate": {"damaged": 0, "damage": 0.2403560830860534}, "model": "item/shield"},
		{ "predicate": {"damaged": 0, "damage": 0.24332344213649854}, "model": "item/shield"},
		{ "predicate": {"damaged": 0, "damage": 0.24629080118694363}, "model": "item/shield"},
		{ "predicate": {"damaged": 0, "damage": 0.24925816023738873}, "model": "item/shield"},
		{ "predicate": {"damaged": 0, "damage": 0.2522255192878338}, "model": "item/shield"},
		{ "predicate": {"damaged": 0, "damage": 0.2551928783382789}, "model": "item/shield"},
		{ "predicate": {"damaged": 0, "damage": 0.25816023738872407}, "model": "item/shield"},
		{ "predicate": {"damaged": 0, "damage": 0.26112759643916916}, "model": "item/shield"},
		{ "predicate": {"damaged": 0, "damage": 0.26409495548961426}, "model": "item/shield"},
		{ "predicate": {"damaged": 0, "damage": 0.26706231454005935}, "model": "item/shield"},
		{ "predicate": {"damaged": 0, "damage": 0.27002967359050445}, "model": "item/shield"},
		{ "predicate": {"damaged": 0, "damage": 0.27299703264094954}, "model": "item/shield"},
		{ "predicate": {"damaged": 0, "damage": 0.2759643916913947}, "model": "item/shield"},
		{ "predicate": {"damaged": 0, "damage": 0.2789317507418398}, "model": "item/shield"},
		{ "predicate": {"damaged": 0, "damage": 0.2818991097922849}, "model": "item/shield"},
		{ "predicate": {"damaged": 0, "damage": 0.28486646884273}, "model": "item/shield"},
		{ "predicate": {"damaged": 0, "damage": 0.2878338278931751}, "model": "item/shield"},
		{ "predicate": {"damaged": 0, "damage": 0.29080118694362017}, "model": "item/shield"},
		{ "predicate": {"damaged": 0, "damage": 0.29376854599406527}, "model": "item/shield"},
		{ "predicate": {"damaged": 0, "damage": 0.2967359050445104}, "model": "item/shield"},
		{ "predicate": {"damaged": 0, "damage": 0.2997032640949555}, "model": "item/shield"},
		{ "predicate": {"damaged": 0, "damage": 0.3026706231454006}, "model": "item/shield"},
		{ "predicate": {"damaged": 0, "damage": 0.3056379821958457}, "model": "item/shield"},
		{ "predicate": {"damaged": 0, "damage": 0.3086053412462908}, "model": "item/shield"},
		{ "predicate": {"damaged": 0, "damage": 0.3115727002967359}, "model": "item/shield"},
		{ "predicate": {"damaged": 0, "damage": 0.31454005934718104}, "model": "item/shield"},
		{ "predicate": {"damaged": 0, "damage": 0.31750741839762614}, "model": "item/shield"},
		{ "predicate": {"damaged": 0, "damage": 0.32047477744807124}, "model": "item/shield"},
		{ "predicate": {"damaged": 0, "damage": 0.32344213649851633}, "model": "item/shield"},
		{ "predicate": {"damaged": 0, "damage": 0.3264094955489614}, "model": "item/shield"},
		{ "predicate": {"damaged": 0, "damage": 0.3293768545994065}, "model": "item/shield"},
		{ "predicate": {"damaged": 0, "damage": 0.33234421364985167}, "model": "item/shield"},
		{ "predicate": {"damaged": 0, "damage": 0.33531157270029677}, "model": "item/shield"},
		{ "predicate": {"damaged": 0, "damage": 0.33827893175074186}, "model": "item/shield"},
		{ "predicate": {"damaged": 0, "damage": 0.34124629080118696}, "model": "item/shield"},
		{ "predicate": {"damaged": 0, "damage": 0.34421364985163205}, "model": "item/shield"},
		{ "predicate": {"damaged": 0, "damage": 0.34718100890207715}, "model": "item/shield"},
		{ "predicate": {"damaged": 0, "damage": 0.35014836795252224}, "model": "item/shield"},
		{ "predicate": {"damaged": 0, "damage": 0.3531157270029674}, "model": "item/shield"},
		{ "predicate": {"damaged": 0, "damage": 0.3560830860534125}, "model": "item/shield"},
		{ "predicate": {"damaged": 0, "damage": 0.3590504451038576}, "model": "item/shield"},
		{ "predicate": {"damaged": 0, "damage": 0.3620178041543027}, "model": "item/shield"},
		{ "predicate": {"damaged": 0, "damage": 0.3649851632047478}, "model": "item/shield"},
		{ "predicate": {"damaged": 0, "damage": 0.36795252225519287}, "model": "item/shield"},
		{ "predicate": {"damaged": 0, "damage": 0.370919881305638}, "model": "item/shield"},
		{ "predicate": {"damaged": 0, "damage": 0.3738872403560831}, "model": "item/shield"},
		{ "predicate": {"damaged": 0, "damage": 0.3768545994065282}, "model": "item/shield"},
		{ "predicate": {"damaged": 0, "damage": 0.3798219584569733}, "model": "item/shield"},
		{ "predicate": {"damaged": 0, "damage": 0.3827893175074184}, "model": "item/shield"},
		{ "predicate": {"damaged": 0, "damage": 0.3857566765578635}, "model": "item/shield"},
		{ "predicate": {"damaged": 0, "damage": 0.3887240356083086}, "model": "item/shield"},
		{ "predicate": {"damaged": 0, "damage": 0.39169139465875374}, "model": "item/shield"},
		{ "predicate": {"damaged": 0, "damage": 0.39465875370919884}, "model": "item/shield"},
		{ "predicate": {"damaged": 0, "damage": 0.39762611275964393}, "model": "item/shield"},
		{ "predicate": {"damaged": 0, "damage": 0.40059347181008903}, "model": "item/shield"},
		{ "predicate": {"damaged": 0, "damage": 0.4035608308605341}, "model": "item/shield"},
		{ "predicate": {"damaged": 0, "damage": 0.4065281899109792}, "model": "item/shield"},
		{ "predicate": {"damaged": 0, "damage": 0.40949554896142437}, "model": "item/shield"},
		{ "predicate": {"damaged": 0, "damage": 0.41246290801186947}, "model": "item/shield"},
		{ "predicate": {"damaged": 0, "damage": 0.41543026706231456}, "model": "item/shield"},
		{ "predicate": {"damaged": 0, "damage": 0.41839762611275966}, "model": "item/shield"},
		{ "predicate": {"damaged": 0, "damage": 0.42136498516320475}, "model": "item/shield"},
		{ "predicate": {"damaged": 0, "damage": 0.42433234421364985}, "model": "item/shield"},
		{ "predicate": {"damaged": 0, "damage": 0.42729970326409494}, "model": "item/shield"},
		{ "predicate": {"damaged": 0, "damage": 0.4302670623145401}, "model": "item/shield"},
		{ "predicate": {"damaged": 0, "damage": 0.4332344213649852}, "model": "item/shield"},
		{ "predicate": {"damaged": 0, "damage": 0.4362017804154303}, "model": "item/shield"},
		{ "predicate": {"damaged": 0, "damage": 0.4391691394658754}, "model": "item/shield"},
		{ "predicate": {"damaged": 0, "damage": 0.4421364985163205}, "model": "item/shield"},
		{ "predicate": {"damaged": 0, "damage": 0.44510385756676557}, "model": "item/shield"},
		{ "predicate": {"damaged": 0, "damage": 0.4480712166172107}, "model": "item/shield"},
		{ "predicate": {"damaged": 0, "damage": 0.4510385756676558}, "model": "item/shield"},
		{ "predicate": {"damaged": 0, "damage": 0.4540059347181009}, "model": "item/shield"},
		{ "predicate": {"damaged": 0, "damage": 0.456973293768546}, "model": "item/shield"},
		{ "predicate": {"damaged": 0, "damage": 0.4599406528189911}, "model": "item/shield"},
		{ "predicate": {"damaged": 0, "damage": 0.4629080118694362}, "model": "item/shield"},
		{ "predicate": {"damaged": 0, "damage": 0.46587537091988135}, "model": "item/shield"},
		{ "predicate": {"damaged": 0, "damage": 0.46884272997032644}, "model": "item/shield"},
		{ "predicate": {"damaged": 0, "damage": 0.47181008902077154}, "model": "item/shield"},
		{ "predicate": {"damaged": 0, "damage": 0.47477744807121663}, "model": "item/shield"},
		{ "predicate": {"damaged": 0, "damage": 0.47774480712166173}, "model": "item/shield"},
		{ "predicate": {"damaged": 0, "damage": 0.4807121661721068}, "model": "item/shield"},
		{ "predicate": {"damaged": 0, "damage": 0.4836795252225519}, "model": "item/shield"},
		{ "predicate": {"damaged": 0, "damage": 0.48664688427299707}, "model": "item/shield"},
		{ "predicate": {"damaged": 0, "damage": 0.48961424332344217}, "model": "item/shield"},
		{ "predicate": {"damaged": 0, "damage": 0.49258160237388726}, "model": "item/shield"},
		{ "predicate": {"damaged": 0, "damage": 0.49554896142433236}, "model": "item/shield"},
		{ "predicate": {"damaged": 0, "damage": 0.49851632047477745}, "model": "item/shield"},
		{ "predicate": {"damaged": 0, "damage": 0.5014836795252225}, "model": "item/shield"},
		{ "predicate": {"damaged": 0, "damage": 0.5044510385756676}, "model": "item/shield"},
		{ "predicate": {"damaged": 0, "damage": 0.5074183976261127}, "model": "item/shield"},
		{ "predicate": {"damaged": 0, "damage": 0.5103857566765578}, "model": "item/shield"},
		{ "predicate": {"damaged": 0, "damage": 0.513353115727003}, "model": "item/shield"},
		{ "predicate": {"damaged": 0, "damage": 0.5163204747774481}, "model": "item/shield"},
		{ "predicate": {"damaged": 0, "damage": 0.5192878338278932}, "model": "item/shield"},
		{ "predicate": {"damaged": 0, "damage": 0.5222551928783383}, "model": "item/shield"},
		{ "predicate": {"damaged": 0, "damage": 0.5252225519287834}, "model": "item/shield"},
		{ "predicate": {"damaged": 0, "damage": 0.5281899109792285}, "model": "item/shield"},
		{ "predicate": {"damaged": 0, "damage": 0.5311572700296736}, "model": "item/shield"},
		{ "predicate": {"damaged": 0, "damage": 0.5341246290801187}, "model": "item/shield"},
		{ "predicate": {"damaged": 0, "damage": 0.5370919881305638}, "model": "item/shield"},
		{ "predicate": {"damaged": 0, "damage": 0.5400593471810089}, "model": "item/shield"},
		{ "predicate": {"damaged": 0, "damage": 0.543026706231454}, "model": "item/shield"},
		{ "predicate": {"damaged": 0, "damage": 0.5459940652818991}, "model": "item/shield"},
		{ "predicate": {"damaged": 0, "damage": 0.5489614243323442}, "model": "item/shield"},
		{ "predicate": {"damaged": 0, "damage": 0.5519287833827894}, "model": "item/shield"},
		{ "predicate": {"damaged": 0, "damage": 0.5548961424332345}, "model": "item/shield"},
		{ "predicate": {"damaged": 0, "damage": 0.5578635014836796}, "model": "item/shield"},
		{ "predicate": {"damaged": 0, "damage": 0.5608308605341247}, "model": "item/shield"},
		{ "predicate": {"damaged": 0, "damage": 0.5637982195845698}, "model": "item/shield"},
		{ "predicate": {"damaged": 0, "damage": 0.5667655786350149}, "model": "item/shield"},
		{ "predicate": {"damaged": 0, "damage": 0.56973293768546}, "model": "item/shield"},
		{ "predicate": {"damaged": 0, "damage": 0.5727002967359051}, "model": "item/shield"},
		{ "predicate": {"damaged": 0, "damage": 0.5756676557863502}, "model": "item/shield"},
		{ "predicate": {"damaged": 0, "damage": 0.5786350148367952}, "model": "item/shield"},
		{ "predicate": {"damaged": 0, "damage": 0.5816023738872403}, "model": "item/shield"},
		{ "predicate": {"damaged": 0, "damage": 0.5845697329376854}, "model": "item/shield"},
		{ "predicate": {"damaged": 0, "damage": 0.5875370919881305}, "model": "item/shield"},
		{ "predicate": {"damaged": 0, "damage": 0.5905044510385757}, "model": "item/shield"},
		{ "predicate": {"damaged": 0, "damage": 0.5934718100890208}, "model": "item/shield"},
		{ "predicate": {"damaged": 0, "damage": 0.5964391691394659}, "model": "item/shield"},
		{ "predicate": {"damaged": 0, "damage": 0.599406528189911}, "model": "item/shield"},
		{ "predicate": {"damaged": 0, "damage": 0.6023738872403561}, "model": "item/shield"},
		{ "predicate": {"damaged": 0, "damage": 0.6053412462908012}, "model": "item/shield"},
		{ "predicate": {"damaged": 0, "damage": 0.6083086053412463}, "model": "item/shield"},
		{ "predicate": {"damaged": 0, "damage": 0.6112759643916914}, "model": "item/shield"},
		{ "predicate": {"damaged": 0, "damage": 0.6142433234421365}, "model": "item/shield"},
		{ "predicate": {"damaged": 0, "damage": 0.6172106824925816}, "model": "item/shield"},
		{ "predicate": {"damaged": 0, "damage": 0.6201780415430267}, "model": "item/shield"},
		{ "predicate": {"damaged": 0, "damage": 0.6231454005934718}, "model": "item/shield"},
		{ "predicate": {"damaged": 0, "damage": 0.6261127596439169}, "model": "item/shield"},
		{ "predicate": {"damaged": 0, "damage": 0.6290801186943621}, "model": "item/shield"},
		{ "predicate": {"damaged": 0, "damage": 0.6320474777448072}, "model": "item/shield"},
		{ "predicate": {"damaged": 0, "damage": 0.6350148367952523}, "model": "item/shield"},
		{ "predicate": {"damaged": 0, "damage": 0.6379821958456974}, "model": "item/shield"},
		{ "predicate": {"damaged": 0, "damage": 0.6409495548961425}, "model": "item/shield"},
		{ "predicate": {"damaged": 0, "damage": 0.6439169139465876}, "model": "item/shield"},
		{ "predicate": {"damaged": 0, "damage": 0.6468842729970327}, "model": "item/shield"},
		{ "predicate": {"damaged": 0, "damage": 0.6498516320474778}, "model": "item/shield"},
		{ "predicate": {"damaged": 0, "damage": 0.6528189910979229}, "model": "item/shield"},
		{ "predicate": {"damaged": 0, "damage": 0.655786350148368}, "model": "item/shield"},
		{ "predicate": {"damaged": 0, "damage": 0.658753709198813}, "model": "item/shield"},
		{ "predicate": {"damaged": 0, "damage": 0.6617210682492581}, "model": "item/shield"},
		{ "predicate": {"damaged": 0, "damage": 0.6646884272997033}, "model": "item/shield"},
		{ "predicate": {"damaged": 0, "damage": 0.6676557863501484}, "model": "item/shield"},
		{ "predicate": {"damaged": 0, "damage": 0.6706231454005935}, "model": "item/shield"},
		{ "predicate": {"damaged": 0, "damage": 0.6735905044510386}, "model": "item/shield"},
		{ "predicate": {"damaged": 0, "damage": 0.6765578635014837}, "model": "item/shield"},
		{ "predicate": {"damaged": 0, "damage": 0.6795252225519288}, "model": "item/shield"},
		{ "predicate": {"damaged": 0, "damage": 0.6824925816023739}, "model": "item/shield"},
		{ "predicate": {"damaged": 0, "damage": 0.685459940652819}, "model": "item/shield"},
		{ "predicate": {"damaged": 0, "damage": 0.6884272997032641}, "model": "item/shield"},
		{ "predicate": {"damaged": 0, "damage": 0.6913946587537092}, "model": "item/shield"},
		{ "predicate": {"damaged": 0, "damage": 0.6943620178041543}, "model": "item/shield"},
		{ "predicate": {"damaged": 0, "damage": 0.6973293768545994}, "model": "item/shield"},
		{ "predicate": {"damaged": 0, "damage": 0.7002967359050445}, "model": "item/shield"},
		{ "predicate": {"damaged": 0, "damage": 0.7032640949554897}, "model": "item/shield"},
		{ "predicate": {"damaged": 0, "damage": 0.7062314540059348}, "model": "item/shield"},
		{ "predicate": {"damaged": 0, "damage": 0.7091988130563799}, "model": "item/shield"},
		{ "predicate": {"damaged": 0, "damage": 0.712166172106825}, "model": "item/shield"},
		{ "predicate": {"damaged": 0, "damage": 0.7151335311572701}, "model": "item/shield"},
		{ "predicate": {"damaged": 0, "damage": 0.7181008902077152}, "model": "item/shield"},
		{ "predicate": {"damaged": 0, "damage": 0.7210682492581603}, "model": "item/shield"},
		{ "predicate": {"damaged": 0, "damage": 0.7240356083086054}, "model": "item/shield"},
		{ "predicate": {"damaged": 0, "damage": 0.7270029673590505}, "model": "item/shield"},
		{ "predicate": {"damaged": 0, "damage": 0.7299703264094956}, "model": "item/shield"},
		{ "predicate": {"damaged": 0, "damage": 0.7329376854599406}, "model": "item/shield"},
		{ "predicate": {"damaged": 0, "damage": 0.7359050445103857}, "model": "item/shield"},
		{ "predicate": {"damaged": 0, "damage": 0.7388724035608308}, "model": "item/shield"},
		{ "predicate": {"damaged": 0, "damage": 0.741839762611276}, "model": "item/shield"},
		{ "predicate": {"damaged": 0, "damage": 0.7448071216617211}, "model": "item/shield"},
		{ "predicate": {"damaged": 0, "damage": 0.7477744807121662}, "model": "item/shield"},
		{ "predicate": {"damaged": 0, "damage": 0.7507418397626113}, "model": "item/shield"},
		{ "predicate": {"damaged": 0, "damage": 0.7537091988130564}, "model": "item/shield"},
		{ "predicate": {"damaged": 0, "damage": 0.7566765578635015}, "model": "item/shield"},
		{ "predicate": {"damaged": 0, "damage": 0.7596439169139466}, "model": "item/shield"},
		{ "predicate": {"damaged": 0, "damage": 0.7626112759643917}, "model": "item/shield"},
		{ "predicate": {"damaged": 0, "damage": 0.7655786350148368}, "model": "item/shield"},
		{ "predicate": {"damaged": 0, "damage": 0.7685459940652819}, "model": "item/shield"},
		{ "predicate": {"damaged": 0, "damage": 0.771513353115727}, "model": "item/shield"},
		{ "predicate": {"damaged": 0, "damage": 0.7744807121661721}, "model": "item/shield"},
		{ "predicate": {"damaged": 0, "damage": 0.7774480712166172}, "model": "item/shield"},
		{ "predicate": {"damaged": 0, "damage": 0.7804154302670624}, "model": "item/shield"},
		{ "predicate": {"damaged": 0, "damage": 0.7833827893175075}, "model": "item/shield"},
		{ "predicate": {"damaged": 0, "damage": 0.7863501483679526}, "model": "item/shield"},
		{ "predicate": {"damaged": 0, "damage": 0.7893175074183977}, "model": "item/shield"},
		{ "predicate": {"damaged": 0, "damage": 0.7922848664688428}, "model": "item/shield"},
		{ "predicate": {"damaged": 0, "damage": 0.7952522255192879}, "model": "item/shield"},
		{ "predicate": {"damaged": 0, "damage": 0.798219584569733}, "model": "item/shield"},
		{ "predicate": {"damaged": 0, "damage": 0.8011869436201781}, "model": "item/shield"},
		{ "predicate": {"damaged": 0, "damage": 0.8041543026706232}, "model": "item/shield"},
		{ "predicate": {"damaged": 0, "damage": 0.8071216617210683}, "model": "item/shield"},
		{ "predicate": {"damaged": 0, "damage": 0.8100890207715133}, "model": "item/shield"},
		{ "predicate": {"damaged": 0, "damage": 0.8130563798219584}, "model": "item/shield"},
		{ "predicate": {"damaged": 0, "damage": 0.8160237388724035}, "model": "item/shield"},
		{ "predicate": {"damaged": 0, "damage": 0.8189910979228487}, "model": "item/shield"},
		{ "predicate": {"damaged": 0, "damage": 0.8219584569732938}, "model": "item/shield"},
		{ "predicate": {"damaged": 0, "damage": 0.8249258160237389}, "model": "item/shield"},
		{ "predicate": {"damaged": 0, "damage": 0.827893175074184}, "model": "item/shield"},
		{ "predicate": {"damaged": 0, "damage": 0.8308605341246291}, "model": "item/shield"},
		{ "predicate": {"damaged": 0, "damage": 0.8338278931750742}, "model": "item/shield"},
		{ "predicate": {"damaged": 0, "damage": 0.8367952522255193}, "model": "item/shield"},
		{ "predicate": {"damaged": 0, "damage": 0.8397626112759644}, "model": "item/shield"},
		{ "predicate": {"damaged": 0, "damage": 0.8427299703264095}, "model": "item/shield"},
		{ "predicate": {"damaged": 0, "damage": 0.8456973293768546}, "model": "item/shield"},
		{ "predicate": {"damaged": 0, "damage": 0.8486646884272997}, "model": "item/shield"},
		{ "predicate": {"damaged": 0, "damage": 0.8516320474777448}, "model": "item/shield"},
		{ "predicate": {"damaged": 0, "damage": 0.8545994065281899}, "model": "item/shield"},
		{ "predicate": {"damaged": 0, "damage": 0.8575667655786351}, "model": "item/shield"},
		{ "predicate": {"damaged": 0, "damage": 0.8605341246290802}, "model": "item/shield"},
		{ "predicate": {"damaged": 0, "damage": 0.8635014836795253}, "model": "item/shield"},
		{ "predicate": {"damaged": 0, "damage": 0.8664688427299704}, "model": "item/shield"},
		{ "predicate": {"damaged": 0, "damage": 0.8694362017804155}, "model": "item/shield"},
		{ "predicate": {"damaged": 0, "damage": 0.8724035608308606}, "model": "item/shield"},
		{ "predicate": {"damaged": 0, "damage": 0.8753709198813057}, "model": "item/shield"},
		{ "predicate": {"damaged": 0, "damage": 0.8783382789317508}, "model": "item/shield"},
		{ "predicate": {"damaged": 0, "damage": 0.8813056379821959}, "model": "item/shield"},
		{ "predicate": {"damaged": 0, "damage": 0.884272997032641}, "model": "item/shield"},
		{ "predicate": {"damaged": 0, "damage": 0.887240356083086}, "model": "item/shield"},
		{ "predicate": {"damaged": 0, "damage": 0.8902077151335311}, "model": "item/shield"},
		{ "predicate": {"damaged": 0, "damage": 0.8931750741839763}, "model": "item/shield"},
		{ "predicate": {"damaged": 0, "damage": 0.8961424332344214}, "model": "item/shield"},
		{ "predicate": {"damaged": 0, "damage": 0.8991097922848665}, "model": "item/shield"},
		{ "predicate": {"damaged": 0, "damage": 0.9020771513353116}, "model": "item/shield"},
		{ "predicate": {"damaged": 0, "damage": 0.9050445103857567}, "model": "item/shield"},
		{ "predicate": {"damaged": 0, "damage": 0.9080118694362018}, "model": "item/shield"},
		{ "predicate": {"damaged": 0, "damage": 0.9109792284866469}, "model": "item/shield"},
		{ "predicate": {"damaged": 0, "damage": 0.913946587537092}, "model": "item/shield"},
		{ "predicate": {"damaged": 0, "damage": 0.9169139465875371}, "model": "item/shield"},
		{ "predicate": {"damaged": 0, "damage": 0.9198813056379822}, "model": "item/shield"},
		{ "predicate": {"damaged": 0, "damage": 0.9228486646884273}, "model": "item/shield"},
		{ "predicate": {"damaged": 0, "damage": 0.9258160237388724}, "model": "item/shield"},
		{ "predicate": {"damaged": 0, "damage": 0.9287833827893175}, "model": "item/shield"},
		{ "predicate": {"damaged": 0, "damage": 0.9317507418397627}, "model": "item/shield"},
		{ "predicate": {"damaged": 0, "damage": 0.9347181008902078}, "model": "item/shield"},
		{ "predicate": {"damaged": 0, "damage": 0.9376854599406529}, "model": "item/shield"},
		{ "predicate": {"damaged": 0, "damage": 0.940652818991098}, "model": "item/shield"},
		{ "predicate": {"damaged": 0, "damage": 0.9436201780415431}, "model": "item/shield"},
		{ "predicate": {"damaged": 0, "damage": 0.9465875370919882}, "model": "item/shield"},
		{ "predicate": {"damaged": 0, "damage": 0.9495548961424333}, "model": "item/shield"},
		{ "predicate": {"damaged": 0, "damage": 0.9525222551928784}, "model": "item/shield"},
		{ "predicate": {"damaged": 0, "damage": 0.9554896142433235}, "model": "item/shield"},
		{ "predicate": {"damaged": 0, "damage": 0.9584569732937686}, "model": "item/shield"},
		{ "predicate": {"damaged": 0, "damage": 0.9614243323442137}, "model": "item/shield"},
		{ "predicate": {"damaged": 0, "damage": 0.9643916913946587}, "model": "item/shield"},
		{ "predicate": {"damaged": 0, "damage": 0.9673590504451038}, "model": "item/shield"},
		{ "predicate": {"damaged": 0, "damage": 0.970326409495549}, "model": "item/shield"},
		{ "predicate": {"damaged": 0, "damage": 0.9732937685459941}, "model": "item/shield"},
		{ "predicate": {"damaged": 0, "damage": 0.9762611275964392}, "model": "item/shield"},
		{ "predicate": {"damaged": 0, "damage": 0.9792284866468843}, "model": "item/shield"},
		{ "predicate": {"damaged": 0, "damage": 0.9821958456973294}, "model": "item/shield"},
		{ "predicate": {"damaged": 0, "damage": 0.9851632047477745}, "model": "item/shield"},
		{ "predicate": {"damaged": 0, "damage": 0.9881305637982196}, "model": "item/shield"},
		{ "predicate": {"damaged": 0, "damage": 0.9910979228486647}, "model": "item/shield"},
		{ "predicate": {"damaged": 0, "damage": 0.9940652818991098}, "model": "item/shield"},
		{ "predicate": {"damaged": 0, "damage": 0.9970326409495549}, "model": "item/shield"},
		{ "predicate": {"damaged": 1, "damage": 0}, "model": "item/shield"}
    ]
}