{
	"name": {
		"translate": "ttcu.suitset.ferrousmark2_suit"
	},

	"armor_material": {
		"durability": 1000,
		"damage_reduction_amounts": [3, 6, 8, 3],
		"enchantibility": 15,
		"toughness": 0.0,
		"sound": "item.armor.equip_generic"
	},
	
    "creative_tab": "ttcu",

	"description": {
		"translate": "ttcu.suitset.ferrousmark2.desc"
	},

	"abilities": [{
			"ability": "lucraftcore:fire_resistance"
		},
		{
			"ability": "lucraftcore:healing",
			"frequency": 20,
			"amount": 5
		},
		{
			"ability": "lucraftcore:flight",
		    "key": 1                       
	    },
		{
		    "ability": "lucraftcore:energy_blast",
			"cooldown": 0,
            "damage": 5,
            "color": [0.0, 1.0, 1.0],
			"key": 2
		}
	],

	"armor_parts": {

		"head": {
			"openable": false,
			"glow": true,
			"armor_model_scale": 0.5,
			"name": {
				"translate": "ttcu.suitset.ferrousmark2_suit.head"
			},
			"textures": {
				"normal": "ttcu:textures/models/armor/ferrousmark2/helmet.png",
				"glow": "ttcu:textures/models/armor/ferrousmark2/helmet_lights.png"
			},
			"item_texture": {
				"blockstate": "ttcu:ferrousmark2_suit"
			}
		},

		"chest": {
			"openable": false,
			"glow": true,
			"armor_model_scale": 0.22,
			"name": {
				"translate": "ttcu.suitset.ferrousmark2_suit.chestplate"
			},
			"textures": {
				"normal": "ttcu:textures/models/armor/ferrousmark2/chestplate.png",
				"normal_smallarms": "ttcu:textures/models/armor/ferrousmark2/chestplate_smallarms.png",
				"glow": "ttcu:textures/models/armor/ferrousmark2/chestplate_lights.png",
				"glow_smallarms": "ttcu:textures/models/armor/ferrousmark2/chestplate_smallarms_lights.png"
			},
			"item_texture": {
				"blockstate": "ttcu:ferrousmark2_suit"
			}
		},

		"legs": {
			"openable": false,
			"glow": false,
			"armor_model_scale": 0.25,
			"name": {
				"translate": "ttcu.suitset.ferrousmark2_suit.legs"
			},
			"textures": {
				"normal": "ttcu:textures/models/armor/ferrousmark2/legs.png"

			},
			"item_texture": {
				"blockstate": "ttcu:ferrousmark2_suit"
			}
		},

		"feet": {
			"openable": false,
			"glow": true,
			"armor_model_scale": 0.22,
			"name": {
				"translate": "ttcu.suitset.ferrousmark2_suit.boots"
			},
			"textures": {
				"normal": "ttcu:textures/models/armor/ferrousmark2/boots.png",
				"glow":   "ttcu:textures/models/armor/ferrousmark2/boots_lights.png"

			},
			"item_texture": {
				"blockstate": "ttcu:ferrousmark2_suit"
			}
		}
	}
}