{
	"name": {
		"translate": "ttcu.suitset.flay_suit"
	},

	"armor_material": {
		"durability": 1000,
		"damage_reduction_amounts": [3, 6, 8, 3],
		"enchantibility": 15,
		"toughness": 0.0,
		"sound": "item.armor.equip_generic"
	},
	
	"creative_tab": "ttcu",
	
		"data": {
		"trail": {
			"red": 1,
			"green": 0.2,
			"blue": 0
		},
		"flicker": {
			"red": 1,
			"green": 0.2,
			"blue": 0
		},
		"speed_levels": 20
	},
	
	"description": {
		"translate": "ttcu.suitset.flay.desc"
	},

	"abilities": [{
			"ability": "lucraftcore:fire_resistance"
		},
		{
			"ability": "lucraftcore:healing",
			"frequency": 20,
			"amount": 5
		},
		{
			"ability": "speedsterheroes:phasing",
			"cooldown": 0,
			"required_superpower": "speedsterheroes:speedforce",
			"required_level": 10,
			"key": 1
		},
		{
			"ability": "speedsterheroes:lightning_throw",
			"speed": 50,
			"cooldown": 100,
			"required_superpower": "speedsterheroes:speedforce",
			"required_level": 10,
			"key": 2
		},
		{
			"ability": "speedsterheroes:arm_vortex",
			"cooldown": 0,
			"distance": 7,
			"required_superpower": "speedsterheroes:speedforce",
			"required_level": 15,
			"key": 3
		}

	],

	"armor_parts": {

		"chest": {
			"openable": false,
			"glow": false,
			"armor_model_scale": 0.22,
			"name": {
				"translate": "ttcu.suitset.flay_suit.chestplate"
			},
			"textures": {
				"normal": "ttcu:textures/models/armor/flay/chestplate.png",
				"normal_smallarms": "ttcu:textures/models/armor/flay/chestplate_smallarms.png"
			},
			"item_texture": {
				"blockstate": "ttcu:flay_suit"
			}
		},

		"legs": {
			"openable": false,
			"glow": false,
			"armor_model_scale": 0.25,
			"name": {
				"translate": "ttcu.suitset.flay_suit.legs"
			},
			"textures": {
				"normal": "ttcu:textures/models/armor/flay/legs.png"

			},
			"item_texture": {
				"blockstate": "ttcu:flay_suit"
			}
		},

		"feet": {
			"openable": false,
			"glow": false,
			"armor_model_scale": 0.22,
			"name": {
				"translate": "ttcu.suitset.flay_suit.boots"
			},
			"textures": {
				"normal": "ttcu:textures/models/armor/flay/boots.png"

			},
			"item_texture": {
				"blockstate": "ttcu:flay_suit"
			}
		}
	}
}