{
	"name": {
		"translate": "ttcu.suitset.flaynew_suit"
	},

	"armor_material": {
		"durability": 1000,
		"damage_reduction_amounts": [3, 6, 8, 3],
		"enchantibility": 15,
		"toughness": 0.0,
		"sound": "item.armor.equip_generic"
	},
	
	"creative_tab": "ttcu",
	
		"data": {
		"trail": {
			"red": 1,
			"green": 0.2,
			"blue": 0
		},
		"flicker": {
			"red": 1,
			"green": 0.2,
			"blue": 0
		},
		"speed_levels": 20
	},
	
	"description": {
		"translate": "ttcu.suitset.flaynew.desc"
	},

	"abilities": [{
			"ability": "lucraftcore:fire_resistance"
		},
		{
			"ability": "lucraftcore:healing",
			"frequency": 20,
			"amount": 5
		}
	],

	"armor_parts": {
		
		"head": {
			"openable": true,
			"glow": false,
			"armor_model_scale": 0.5,
			"name": {
				"translate": "ttcu.suitset.flaynew_suit.head"
			},
			"textures": {
				"normal": "ttcu:textures/models/armor/flaynew/helmet.png",
				"normal_open": "ttcu:textures/models/armor/flaynew/helmet_open.png"
			},
			"item_texture": {
				"blockstate": "ttcu:flaynew_suit"
			}
		},
		
		"chest": {
			"openable": false,
			"glow": false,
			"armor_model_scale": 0.22,
			"name": {
				"translate": "ttcu.suitset.flaynew_suit.chestplate"
			},
			"textures": {
				"normal": "ttcu:textures/models/armor/flaynew/chestplate.png",
				"normal_smallarms": "ttcu:textures/models/armor/flaynew/chestplate_smallarms.png"
			},
			"item_texture": {
				"blockstate": "ttcu:flaynew_suit"
			}
		},

		"legs": {
			"openable": false,
			"glow": false,
			"armor_model_scale": 0.25,
			"name": {
				"translate": "ttcu.suitset.flaynew_suit.legs"
			},
			"textures": {
				"normal": "ttcu:textures/models/armor/flaynew/legs.png"

			},
			"item_texture": {
				"blockstate": "ttcu:flaynew_suit"
			}
		},

		"feet": {
			"openable": false,
			"glow": false,
			"armor_model_scale": 0.22,
			"name": {
				"translate": "ttcu.suitset.flaynew_suit.boots"
			},
			"textures": {
				"normal": "ttcu:textures/models/armor/flaynew/boots.png"

			},
			"item_texture": {
				"blockstate": "ttcu:flaynew_suit"
			}
		}
	}
}