{
	"name": {
		"translate": "ttcu.suitset.slay_suit"
	},

	"armor_material": {
		"durability": 1000,
		"damage_reduction_amounts": [3, 6, 8, 3],
		"enchantibility": 15,
		"toughness": 0.0,
		"sound": "item.armor.equip_generic"
	},
	
	"creative_tab": "ttcu",
	
		"data": {
		"trail": {
			"red": 1,
			"green": 0,
			"blue": 0
		},
		"flicker": {
			"red": 1,
			"green": 0,
			"blue": 0
		},
		"speed_levels": 25
	},
	
	"description": {
		"translate": "ttcu.suitset.slay.desc"
	},

	"abilities": [{
			"ability": "lucraftcore:fire_resistance"
		},
		{
			"ability": "lucraftcore:healing",
			"frequency": 20,
			"amount": 5
		}
	],

	"armor_parts": {

		"head": {
			"openable": true,
			"glow": false,
			"armor_model_scale": 0.5,
			"name": {
				"translate": "ttcu.suitset.slay_suit.head"
			},
			"textures": {
				"normal": "ttcu:textures/models/armor/slay/helmet.png",
				"normal_open": "ttcu:textures/models/armor/slay/helmet_open.png"
			},
			"item_texture": {
				"blockstate": "ttcu:slay_suit"
			}
		},

		"chest": {
			"openable": false,
			"glow": false,
			"armor_model_scale": 0.22,
			"name": {
				"translate": "ttcu.suitset.slay_suit.chestplate"
			},
			"textures": {
				"normal": "ttcu:textures/models/armor/slay/chestplate.png",
				"normal_smallarms": "ttcu:textures/models/armor/slay/chestplate_smallarms.png"
			},
			"item_texture": {
				"blockstate": "ttcu:slay_suit"
			}
		},

		"legs": {
			"openable": false,
			"glow": false,
			"armor_model_scale": 0.25,
			"name": {
				"translate": "ttcu.suitset.slay_suit.legs"
			},
			"textures": {
				"normal": "ttcu:textures/models/armor/slay/legs.png"

			},
			"item_texture": {
				"blockstate": "ttcu:slay_suit"
			}
		},

		"feet": {
			"openable": false,
			"glow": false,
			"armor_model_scale": 0.22,
			"name": {
				"translate": "ttcu.suitset.slay_suit.boots"
			},
			"textures": {
				"normal": "ttcu:textures/models/armor/slay/boots.png"

			},
			"item_texture": {
				"blockstate": "ttcu:slay_suit"
			}
		}
	}, "effects": [
        {
            "type": "vibrating",
            "conditions": [
                {
                    "type": "ability_enabled",
                    "ability": "speedsterheroes:super_speed"
                }
            ]
        }
]
}