{
	"name": {
		"translate": "ttcu.suitset.thedoctor_suit"
	},

	"armor_material": {
		"durability": 1000,
		"damage_reduction_amounts": [3, 6, 8, 3],
		"enchantibility": 15,
		"toughness": 0.0,
		"sound": "item.armor.equip_generic"
	},
	
	"creative_tab": "ttcu",
	
	"description": {
		"translate": "ttcu.suitset.thedoctor.desc"
	},

	"armor_parts": {

		"chest": {
			"openable": false,
			"glow": false,
			"armor_model_scale": 0.22,
			"name": {
				"translate": "ttcu.suitset.thedoctor_suit.chestplate"
			},
			"textures": {
				"normal": "ttcu:textures/models/armor/thedoctor/chestplate.png",
				"normal_smallarms": "ttcu:textures/models/armor/thedoctor/chestplate_smallarms.png"
			},
			"item_texture": {
				"blockstate": "ttcu:thedoctor_suit"
			}
		},

		"legs": {
			"openable": false,
			"glow": false,
			"armor_model_scale": 0.25,
			"name": {
				"translate": "ttcu.suitset.thedoctor_suit.legs"
			},
			"textures": {
				"normal": "ttcu:textures/models/armor/thedoctor/legs.png"

			},
			"item_texture": {
				"blockstate": "ttcu:thedoctor_suit"
			}
		},

		"feet": {
			"openable": false,
			"glow": false,
			"armor_model_scale": 0.22,
			"name": {
				"translate": "ttcu.suitset.thedoctor_suit.boots"
			},
			"textures": {
				"normal": "ttcu:textures/models/armor/thedoctor/boots.png"

			},
			"item_texture": {
				"blockstate": "ttcu:thedoctor_suit"
			}
		}
	}
}