{
    "name" : {
        "text": "Lightning Powers"
    },


   "icon": {
       "type": "texture",
	   "texture": "treppack:textures/gui/icons.png"

   },

   "max_level": 10,

   "capsule_color" : 6427628,

	"effects": [
		{
			"type": "trail",
			"trail_type": "lightnings",
			"color": [0, 0, 1],
			"use_suit_trails": true,
			"conditions": [
				{
					"type": "ability_enabled",
					"ability": "treppack:blacklightning"
				},
				{
					"type": "moving"
				}
			]
		},
		
		{
			"type": "flickering",
			"color": [1, 0.75, 0],
			"use_suit_flicker": true,
			"conditions": [
				{
					"type": "ability_enabled",
					"ability": "speedsterheroes:super_speed"
				},
				{
					"type": "moving"
				}
			]
		},
		
		{
			"type": "vibrating",
			"conditions": [
				{
					"type": "ability_enabled",
					"ability": "speedsterheroes:phasing"
				}
			]
		}
	
	],


   "abilities": [
		{
			"ability": "speedsterheroes:super_speed",
			"speed_levels": 5,
			"key": 1
		}

	]

}



