{
    "name" : {
        "text": "Super Sanity"
    },


   "icon": {
       "type": "texture",
	   "texture": "treppack:textures/icons/icon.png"

   },

   "max_level": 10,

   "capsule_color" : 16750080,

   "abilities": [
        {
            "ability": "lucraftcore:healing",
            "frequency": 20,
            "amount": 2
        },
        {
            "ability": "lucraftcore:punch",
            "factor": 3.7,
            "operation": 0,
            "uuid": "b2930a55-fa9d-4124-bb58-2ba3169d1495"
        },
        {
            "ability": "lucraftcore:sprint",
            "factor": 0.6,
            "operation": 0,
            "uuid": "b2930a55-fa9d-4124-bb58-2ba3169d1495"
        },
        {
            "ability": "lucraftcore:strength",
            "factor": 1.8,
            "operation": 0,
            "uuid": "b2930a55-fa9d-4124-bb58-2ba3169d1495"
        },
        {
	      "ability": "lucraftcore:fire_resistance",
		  "required_level": 1
		}
	],
	"effects": [
		{
			"type": "skin_change",
			"texture": "treppack:textures/models/skins/joker.png"
		}
	]
}



