{
    "name" : {
        "text": "Lazarus"
    },


   "icon": {
       "type": "texture",
	   "texture": "treppack:textures/icons/icon.png"

   },

   "max_level": 3,

   "capsule_color" : 16750080,

   "abilities": [
        {
            "ability": "lucraftcore:healing",
            "frequency": 2,
            "amount": 6,
            "required_level": 3
        },
        {
            "ability": "lucraftcore:health",
            "factor": 1.8,
            "operation": 0,
            "uuid": "b2930a55-fa9d-4124-bb58-2ba3169d1495"
        }
	]
}