{
    "name" : {
        "text": "Bane Venom"
    },


   "icon": {
       "type": "texture",
	   "texture": "treppack:textures/icons/icon.png"

   },

   "max_level": 10,

   "capsule_color" : 8750080,

   "abilities": [
        {
            "ability": "lucraftcore:healing",
            "frequency": 20,
            "amount": 2
        },
        {
            "ability": "lucraftcore:punch",
            "factor": 2.5,
            "operation": 0,
            "uuid": "b2930a55-fa9d-4124-bb58-2ba3169d1495"
        },
        {
            "ability": "lucraftcore:sprint",
            "factor": 0.1,
            "operation": 0,
            "uuid": "b2930a55-fa9d-4124-bb58-2ba3169d1495"
        },
        {
            "ability": "lucraftcore:strength",
            "factor": 2.5,
            "operation": 0,
            "uuid": "b2930a55-fa9d-4124-bb58-2ba3169d1495"
        },
        {
	      "ability": "lucraftcore:fire_resistance",
		  "required_level": 1
		}
	]
}




