{
	"name": {
		"text": "1000 Download Flash's Suit"
	},

	"armor_material": {
		"durability": 10,
		"damage_reduction_amounts": [3, 6, 8, 3],
		"enchantibility": 20,
		"toughness": 0.0,
		"sound": "item.armor.equip_generic"
	},

"creative_tab": "custom",

	"data": {
		"trail": {
			"red": 1,
			"green": 0.2,
			"blue": 0
		},
		"flicker": {
			"red": 1,
			"green": 0.2,
			"blue": 0
		},
		"speed_levels": 8
	},

	"description": {
		"text": "Created by : Tcerapte3r ( 1000 Download Special )"
	},

	"abilities": [{
			"ability": "lucraftcore:healing",
			"frequency": 20,
			"amount": 5
		},
		{
			"ability": "speedsterheroes:suit_ring"
		},
	    {
	        "ability": "lucraftcore:fire_resistance"
	    }
	],

	"armor_parts": {

		"head": {
			"openable": true,
			"glow": false,
			"armor_model_scale": 0.5,
			"name": {
				"text": "1000 Download Flash's Mask"
			},
			"textures": {
				"normal": "tcerapte3rsspeedsters:textures/models/armor/1000downloadspecialflash/helmet.png",
				"normal_open": "tcerapte3rsspeedsters:textures/models/armor/1000downloadspecialflash/helmet_open.png"
			},
			"item_texture": {
				"blockstate": "tcerapte3rsspeedsters:1000downloadspecialflash_suit"
			}

		},

		"chest": {
			"openable": false,
			"glow": false,
			"armor_model_scale": 0.22,
			"name": {
				"text": "1000 Download Flash's Chestpiece"
			},
			"textures": {
				"normal": "tcerapte3rsspeedsters:textures/models/armor/1000downloadspecialflash/chestplate.png",
				"normal_smallarms": "tcerapte3rsspeedsters:textures/models/armor/1000downloadspecialflash/chestplate_smallarms.png"
			},
			"item_texture": {
				"blockstate": "tcerapte3rsspeedsters:1000downloadspecialflash_suit"
			}
		},

		"legs": {
			"openable": false,
			"glow": false,
			"armor_model_scale": 0.25,
			"name": {
				"text": "1000 Download Flash's Pants"
			},
			"textures": {
				"normal": "tcerapte3rsspeedsters:textures/models/armor/1000downloadspecialflash/legs.png"
			},
			"item_texture": {
				"blockstate": "tcerapte3rsspeedsters:1000downloadspecialflash_suit"
			}
		},

		"feet": {
			"openable": false,
			"glow": false,
			"armor_model_scale": 0.22,
			"name": {
				"text": "1000 Download Flash's Boots"
			},
			"textures": {
				"normal": "tcerapte3rsspeedsters:textures/models/armor/1000downloadspecialflash/boots.png"
			},
			"item_texture": {
				"blockstate": "tcerapte3rsspeedsters:1000downloadspecialflash_suit"
			}
		}
	}
}