{
	"name": {
		"text": "Earth X Flash's Suit"
	},

	"armor_material": {
		"durability": 10,
		"damage_reduction_amounts": [3, 6, 8, 3],
		"enchantibility": 20,
		"toughness": 0.0,
		"sound": "item.armor.equip_generic"
	},

"creative_tab": "theflashes",

	"data": {
		"trail": {
			"red": 1,
			"green": 0,
			"blue": 0
		},
		"flicker": {
			"red": 1,
			"green": 0,
			"blue": 0
		},
		"speed_levels": 15
	},

	"description": {
		"text": "Season 4 Earth-X ( Eobard Thawne )"
	},

	"abilities": [{
			"ability": "lucraftcore:healing",
			"frequency": 20,
			"amount": 5
		},
		{
			"ability": "speedsterheroes:suit_ring"
		},
	    {
	        "ability": "lucraftcore:fire_resistance"
	    }
	],

    "effects": [{
			"type": "vibrating",
			"conditions": [{
				"type": "ability_enabled",
				"ability": "speedsterheroes:super_speed"
				
			}]
		}


	],

	"armor_parts": {

		"head": {
			"openable": true,
			"glow": true,
			"armor_model_scale": 0.5,
			"name": {
				"text": "Flash's Mask"
			},
			"textures": {
				"normal": "tcerapte3rsspeedsters:textures/models/armor/earthxflash/helmet.png",
				"normal_open": "tcerapte3rsspeedsters:textures/models/armor/earthxflash/helmet_open.png",
			    "glow": "tcerapte3rsspeedsters:textures/models/armor/earthxflash/helmet_lights.png",
			    "glow_open": "tcerapte3rsspeedsters:textures/models/armor/earthxflash/helmet_open_lights.png"
			},
			"item_texture": {
				"blockstate": "tcerapte3rsspeedsters:earthxflash_suit"


			}

		},

		"chest": {
			"openable": false,
			"glow": false,
			"armor_model_scale": 0.22,
			"name": {
				"text": "Flash's Chestpiece"
			},
			"textures": {
				"normal": "tcerapte3rsspeedsters:textures/models/armor/earthxflash/chestplate.png",
				"normal_smallarms": "tcerapte3rsspeedsters:textures/models/armor/earthxflash/chestplate_smallarms.png"
			},
			"item_texture": {
				"blockstate": "tcerapte3rsspeedsters:earthxflash_suit"
			}
		},

		"legs": {
			"openable": false,
			"glow": false,
			"armor_model_scale": 0.25,
			"name": {
				"text": "Flash's Pants"
			},
			"textures": {
				"normal": "tcerapte3rsspeedsters:textures/models/armor/earthxflash/legs.png"
			},
			"item_texture": {
				"blockstate": "tcerapte3rsspeedsters:earthxflash_suit"
			}
		},

		"feet": {
			"openable": false,
			"glow": false,
			"armor_model_scale": 0.22,
			"name": {
				"text": "Flash's Boots"
			},
			"textures": {
				"normal": "tcerapte3rsspeedsters:textures/models/armor/earthxflash/boots.png"
			},
			"item_texture": {
				"blockstate": "tcerapte3rsspeedsters:earthxflash_suit"
			}
		}
	}
}