{
	"name": {
		"text": "The Flash's Suit"
	},

	"armor_material": {
		"durability": 10,
		"damage_reduction_amounts": [3, 6, 8, 3],
		"enchantibility": 20,
		"toughness": 0.0,
		"sound": "item.armor.equip_generic"
	},

"creative_tab": "theflashes",

	"data": {
		"trail": {
			"red": 1,
			"green": 0.2,
			"blue": 0
		},
		"flicker": {
			"red": 1,
			"green": 0.2,
			"blue": 0
		},
		"speed_levels": 15
	},

	"description": {
		"text": "Season 5 version 2 ( Barry Allen )"
	},

	"abilities": [{
			"ability": "lucraftcore:healing",
			"frequency": 20,
			"amount": 5
		},
		{
			"ability": "speedsterheroes:suit_ring"
		},
	    {
	        "ability": "lucraftcore:fire_resistance"
	    }
	],

	"armor_parts": {

		"head": {
			"openable": true,
			"glow": false,
			"armor_model_scale": 0.5,
			"name": {
				"text": "Flash's Mask"
			},
			"textures": {
				"normal": "tcerapte3rsspeedsters:textures/models/armor/flashseason5_v2/helmet.png",
				"normal_open": "tcerapte3rsspeedsters:textures/models/armor/flashseason5_v2/helmet_open.png"
			},
			"item_texture": {
				"blockstate": "tcerapte3rsspeedsters:flashseason5_v2_suit"
			}

		},

		"chest": {
			"openable": false,
			"glow": false,
			"armor_model_scale": 0.22,
			"name": {
				"text": "Flash's Chestpiece"
			},
			"textures": {
				"normal": "tcerapte3rsspeedsters:textures/models/armor/flashseason5_v2/chestplate.png",
				"normal_smallarms": "tcerapte3rsspeedsters:textures/models/armor/flashseason5_v2/chestplate_smallarms.png"
			},
			"item_texture": {
				"blockstate": "tcerapte3rsspeedsters:flashseason5_v2_suit"
			}
		},

		"legs": {
			"openable": false,
			"glow": false,
			"armor_model_scale": 0.25,
			"name": {
				"text": "Flash's Pants"
			},
			"textures": {
				"normal": "tcerapte3rsspeedsters:textures/models/armor/flashseason5_v2/legs.png"
			},
			"item_texture": {
				"blockstate": "tcerapte3rsspeedsters:flashseason5_v2_suit"
			}
		},

		"feet": {
			"openable": false,
			"glow": false,
			"armor_model_scale": 0.22,
			"name": {
				"text": "Flash's Boots"
			},
			"textures": {
				"normal": "tcerapte3rsspeedsters:textures/models/armor/flashseason5_v2/boots.png"
			},
			"item_texture": {
				"blockstate": "tcerapte3rsspeedsters:flashseason5_v2_suit"
			}
		}
	}
}