{
	"name": {
		"text": "Godspeed's Suit"
	},

	"armor_material": {
		"durability": 10,
		"damage_reduction_amounts": [3, 6, 8, 3],
		"enchantibility": 20,
		"toughness": 0.0,
		"sound": "item.armor.equip_generic"
	},

"creative_tab": "reverseflashes",

	"data": {
		"trail": {
			"red": 1,
			"green": 1,
			"blue": 1
		},
		"flicker": {
			"red": 1,
			"green": 1,
			"blue": 1
		},
		"speed_levels": 13
	},

	"description": {
		"text": "Season 5 ( August Heart )"
	},

	"abilities": [{
			"ability": "lucraftcore:healing",
			"frequency": 20,
			"amount": 5
		},
		{
			"ability": "speedsterheroes:suit_ring"
		},
	    {
	        "ability": "lucraftcore:fire_resistance"
	    }
	],

    "effects": [{
		"type": "flickering",
		"color": [1, 1, 1],
		"use_suit_flicker": true,
		"conditions": [{
	    "type": "ability_enabled",
		"ability": "speedsterheroes:super_speed"

				
			}]
		}
		

	],
	
	"armor_parts": {

		"head": {
			"openable": true,
			"glow": false,
			"armor_model_scale": 0.5,
			"name": {
				"text": "Godspeed's Mask"
			},
			"textures": {
				"normal": "tcerapte3rsspeedsters:textures/models/armor/godspeedseason5/helmet.png",
				"normal_open": "tcerapte3rsspeedsters:textures/models/armor/godspeedseason5/helmet_open.png"
			},
			"item_texture": {
				"blockstate": "tcerapte3rsspeedsters:godspeedseason5_suit"
			}

		},

		"chest": {
			"openable": false,
			"glow": false,
			"armor_model_scale": 0.22,
			"name": {
				"text": "Godspeed's Chestpiece"
			},
			"textures": {
				"normal": "tcerapte3rsspeedsters:textures/models/armor/godspeedseason5/chestplate.png",
				"normal_smallarms": "tcerapte3rsspeedsters:textures/models/armor/godspeedseason5/chestplate_smallarms.png"
			},
			"item_texture": {
				"blockstate": "tcerapte3rsspeedsters:godspeedseason5_suit"
			}
		},

		"legs": {
			"openable": false,
			"glow": false,
			"armor_model_scale": 0.25,
			"name": {
				"text": "Godspeed's Pants"
			},
			"textures": {
				"normal": "tcerapte3rsspeedsters:textures/models/armor/godspeedseason5/legs.png"
			},
			"item_texture": {
				"blockstate": "tcerapte3rsspeedsters:godspeedseason5_suit"
			}
		},

		"feet": {
			"openable": false,
			"glow": false,
			"armor_model_scale": 0.22,
			"name": {
				"text": "Godspeed's Boots"
			},
			"textures": {
				"normal": "tcerapte3rsspeedsters:textures/models/armor/godspeedseason5/boots.png"
			},
			"item_texture": {
				"blockstate": "tcerapte3rsspeedsters:godspeedseason5_suit"
			}
		}
	}
}