{
	"name": {
		"text": "Savitar's Armor"
	},

	"armor_material": {
		"durability": 10,
		"damage_reduction_amounts": [6, 12, 10, 6],
		"enchantibility": 20,
		"toughness": 0.0,
		"sound": "item.armor.equip_generic"
	},

	"creative_tab": "reverseflashes",

	"data": {
		"trail": {
			"red": 1,
			"green": 1,
			"blue": 1		
		},
        "flicker": {
			"red": 1,
			"green": 1,
			"blue": 1
		},
		"speed_levels": 13
	},

	"description": {
		"text": "Season 3 ( Barry Allen )"
	},

	"abilities": [{
			"ability": "lucraftcore:healing",
			"frequency": 20,
			"amount": 5
		},
		{
			"ability": "speedsterheroes:suit_ring"
		},
	    {
	        "ability": "lucraftcore:fire_resistance"
	    },
	    {
		    "ability": "speedsterheroes:blade"
        }
	],
    
	"effects": [{
		"type": "blade",
		"conditions": [{
	    "type": "ability_enabled",
		"ability": "speedsterheroes:blade"

				
			}]
		}
		

	],
	
	"armor_parts": {

		"head": {
			"openable": true,
			"glow": true,
			"armor_model_scale": 0.5,
			"name": {
				"text": "Savitar's Helmet"
			},
			"textures": {
				"normal": "tcerapte3rsspeedsters:textures/models/armor/season3savitar/helmet.png",
				"normal_open": "tcerapte3rsspeedsters:textures/models/armor/season3savitar/helmet_open.png",
				"glow": "tcerapte3rsspeedsters:textures/models/armor/season3savitar/helmet_glow.png",
				"glow_open": "tcerapte3rsspeedsters:textures/models/armor/season3savitar/helmet_open_glow.png"

			},
			"item_texture": {
				"blockstate": "tcerapte3rsspeedsters:season3savitar_armor"
			}

		},

		"chest": {
			"openable": false,
			"glow": true,
			"armor_model_scale": 0.22,
			"name": {
				"text": "Savitar's Chestpiece"
			},
			"textures": {
				"normal": "tcerapte3rsspeedsters:textures/models/armor/season3savitar/chestplate.png",
				"normal_smallarms": "tcerapte3rsspeedsters:textures/models/armor/season3savitar/chestplate_smallarms.png",
				"glow": "tcerapte3rsspeedsters:textures/models/armor/season3savitar/chest_glow.png",
                     "glow_smallarms":
"tcerapte3rsspeedsters:textures/models/armor/season3savitar/chest_small_glow.png"

			},
			"item_texture": {
				"blockstate": "tcerapte3rsspeedsters:season3savitar_armor"
			}
		},

		"legs": {
			"openable": false,
			"glow": true,
			"armor_model_scale": 0.25,
			"name": {
				"text": "Savitar's Pants"
			},
			"textures": {
				"normal": "tcerapte3rsspeedsters:textures/models/armor/season3savitar/legs.png",
				"glow": "tcerapte3rsspeedsters:textures/models/armor/season3savitar/legs_glow.png"
			},

			"item_texture": {
				"blockstate": "tcerapte3rsspeedsters:season3savitar_armor"
			}
		},

		"feet": {
			"openable": false,
			"glow": true,
			"armor_model_scale": 0.22,
			"name": {
				"text": "Savitar's Boots"
			},
			"textures": {
				"normal": "tcerapte3rsspeedsters:textures/models/armor/season3savitar/boots.png",
				"glow": "tcerapte3rsspeedsters:textures/models/armor/season3savitar/boots_glow.png"
			},
			"item_texture": {
				"blockstate": "tcerapte3rsspeedsters:season3savitar_armor"
			}
		}
	}
}