{
	"name": {
		"text": "Kid Flash's Suit"
	},

	"armor_material": {
		"durability": 10,
		"damage_reduction_amounts": [3, 6, 8, 3],
		"enchantibility": 20,
		"toughness": 0.0,
		"sound": "item.armor.equip_generic"
	},

"creative_tab": "theflashes",

	"data": {
		"trail": {
			"red": 1,
			"green": 0.6,
			"blue": 0
		},
		"flicker": {
			"red": 1,
			"green": 0.7,
			"blue": 0
		},
		"speed_levels": 7
	},

	"description": {
		"text": "Season 3 ( Wally West )"
	},

	"abilities": [{
			"ability": "lucraftcore:healing",
			"frequency": 20,
			"amount": 5
		},
		{
			"ability": "speedsterheroes:suit_ring"
		},
	    {
	        "ability": "lucraftcore:fire_resistance"
	    }
	],

	"armor_parts": {

		"head": {
			"openable": true,
			"glow": false,
			"armor_model_scale": 0.5,
			"name": {
				"text": "Kid Flash's Mask"
			},
			"textures": {
				"normal": "tcerapte3rsspeedsters:textures/models/armor/season3kidflash/helmet.png",
				"normal_open": "tcerapte3rsspeedsters:textures/models/armor/season3kidflash/helmet_open.png"
			},
			"item_texture": {
				"blockstate": "tcerapte3rsspeedsters:season3kidflash_suit"
			}

		},

		"chest": {
			"openable": false,
			"glow": false,
			"armor_model_scale": 0.22,
			"name": {
				"text": "Kid Flash's Chestpiece"
			},
			"textures": {
				"normal": "tcerapte3rsspeedsters:textures/models/armor/season3kidflash/chestplate.png",
				"normal_smallarms": "tcerapte3rsspeedsters:textures/models/armor/season3kidflash/chestplate_smallarms.png"
			},
			"item_texture": {
				"blockstate": "tcerapte3rsspeedsters:season3kidflash_suit"
			}
		},

		"legs": {
			"openable": false,
			"glow": false,
			"armor_model_scale": 0.25,
			"name": {
				"text": "Kid Flash's Pants"
			},
			"textures": {
				"normal": "tcerapte3rsspeedsters:textures/models/armor/season3kidflash/legs.png"
			},
			"item_texture": {
				"blockstate": "tcerapte3rsspeedsters:season3kidflash_suit"
			}
		},

		"feet": {
			"openable": false,
			"glow": false,
			"armor_model_scale": 0.22,
			"name": {
				"text": "Kid Flash's Boots"
			},
			"textures": {
				"normal": "tcerapte3rsspeedsters:textures/models/armor/season3kidflash/boots.png"
			},
			"item_texture": {
				"blockstate": "tcerapte3rsspeedsters:season3kidflash_suit"
			}
		}
	}
}