{
	"name": {
		"translate": "treppack.suitset.bane_suit"
	},
	"armor_material": {
		"durability": 500,
        "damage_reduction_amounts": [3, 6, 8, 3],
        "enchantibility": 15,
        "toughness": 0.0,
        "sound": "item.armor.equip_generic"
	},
	"abilities": [
        {
            "ability": "lucraftcore:punch",
            "factor": 7.5,
            "operation": 0,
            "required_superpower": "treppack:venom",
            "uuid": "b2930a55-fa9d-4124-bb58-2ba3169d1495"
        },
        {
            "ability": "lucraftcore:jump_boost",
            "factor": 1.0,
            "operation": 0,
            "required_superpower": "treppack:venom",
            "uuid": "b2930a55-fa9d-4124-bb58-2ba3169d1495"
        },
        {
            "ability": "lucraftcore:knockback_resistance",
            "factor": 1,
            "operation": 0,
            "required_superpower": "treppack:venom",
            "uuid": "b2930a55-fa9d-4124-bb58-2ba3169d1495"
        },
        {
            "ability": "lucraftcore:step_assist",
            "factor": 0.5,
            "operation": 0,
            "uuid": "b2930a55-fa9d-4124-bb58-2ba3169d1495"
        },
        {
            "ability": "lucraftcore:strength",
            "factor": 7.5,
            "operation": 0,
            "uuid": "b2930a55-fa9d-4124-bb58-2ba3169d1495",
            "required_superpower": "treppack:venom"
        },
        {
            "ability": "lucraftcore:potion_punch",
            "potion": "minecraft:poison",
            "amplifier": 1,
            "duration": 10,
            "cooldown": 60,
            "required_superpower": "treppack:venom",
            "key": 1
        }
	],
	"armor_parts": {

		"head": {
			"openable": true,
			"glow": false,
			"armor_model_scale": 0.5,
			"name": {
				"text": "Bane's Mask"
			},
			"textures": {
				"normal": "treppack:textures/models/armor/bane/helmet.png",
				"normal_open": "treppack:textures/models/armor/bane/helmet_open.png"
			},
			"item_texture": {
				"blockstate": "treppack:bane_suit"
			}
		},

		"chest": {
			"openable": false,
			"glow": false,
			"armor_model_scale": 0.22,
			"name": {
				"text": "Bane's Chestplate"
			},
			"textures": {
				"normal": "treppack:textures/models/armor/bane/chestplate.png",
				"normal_smallarms": "treppack:textures/models/armor/bane/chestplate_smallarms.png"
			},
			"item_texture": {
				"blockstate": "treppack:bane_suit"
			}
		},

		"legs": {
			"openable": false,
			"glow": false,
			"armor_model_scale": 0.25,
			"name": {
				"text": "Bane's Legs"
			},
			"textures": {
				"normal": "treppack:textures/models/armor/bane/legs.png"

			},
			"item_texture": {
				"blockstate": "treppack:bane_suit"
			}
		},

		"feet": {
			"openable": false,
			"glow": false,
			"armor_model_scale": 0.22,
			"name": {
				"text": "Bane's Boots"
			},
			"textures": {
				"normal": "treppack:textures/models/armor/bane/boots.png"

			},
			"item_texture": {
				"blockstate": "treppack:bane_suit"
			}
		}
	}
}