{
	"name": {
		"translate": "treppack.suitset.batman_suit"
	},
	"armor_material": {
		"durability": 500,
        "damage_reduction_amounts": [3, 6, 8, 3],
        "enchantibility": 15,
        "toughness": 0.0,
        "sound": "item.armor.equip_generic"
	},
	"abilities": [
        {
            "ability": "lucraftcore:punch",
            "factor": 5,
            "operation": 0,
            "uuid": "b2930a55-fa9d-4124-bb58-2ba3169d1495"
        },
        {
            "ability": "lucraftcore:jump_boost",
            "factor": 1.0,
            "operation": 0,
            "uuid": "b2930a55-fa9d-4124-bb58-2ba3169d1495"
        },
        {
            "ability": "lucraftcore:knockback_resistance",
            "factor": 0.5,
            "operation": 0,
            "uuid": "b2930a55-fa9d-4124-bb58-2ba3169d1495"
        },
        {
            "ability": "lucraftcore:step_assist",
            "factor": 0.5,
            "operation": 0,
            "uuid": "b2930a55-fa9d-4124-bb58-2ba3169d1495"
        },
        {
            "ability": "lucraftcore:strength",
            "factor": 5,
            "operation": 0,
            "uuid": "b2930a55-fa9d-4124-bb58-2ba3169d1495"
        },
        {
            "ability": "lucraftcore:sprint",
            "factor": 0.2,
            "operation": 0,
            "uuid": "b2930a55-fa9d-4124-bb58-2ba3169d1495"
        },
        {
            "ability": "lucraftcore:slowfall",
            "key": 3
        },
        {
            "ability": "lucraftcore:water_breathing",
            "key": 2
        },
        {
            "ability": "lucraftcore:healing",
            "frequency": 20,
            "amount": 5
        },
		{
			"ability": "lucraftcore:fire_resistance"
		}
	],
	"armor_parts": {

		"head": {
			"openable": true,
			"glow": false,
			"armor_model_scale": 0.5,
			"name": {
				"text": "Batman Cowl"
			},
			"textures": {
				"normal": "treppack:textures/models/armor/batman/helmet.png",
				"normal_open": "treppack:textures/models/armor/batman/helmet_open.png"
			},
			"item_texture": {
				"blockstate": "treppack:batman_suit"
			}
		},

		"chest": {
			"openable": false,
			"glow": false,
			"armor_model_scale": 0.22,
			"name": {
				"text": "Batman Chestplate"
			},
			"textures": {
				"normal": "treppack:textures/models/armor/batman/chestplate.png",
				"normal_smallarms": "treppack:textures/models/armor/batman/chestplate_smallarms.png"
			},
			"item_texture": {
				"blockstate": "treppack:batman_suit"
			}
		},

		"legs": {
			"openable": false,
			"glow": false,
			"armor_model_scale": 0.25,
			"name": {
				"text": "Batman Legs"
			},
			"textures": {
				"normal": "treppack:textures/models/armor/batman/legs.png"

			},
			"item_texture": {
				"blockstate": "treppack:batman_suit"
			}
		},

		"feet": {
			"openable": false,
			"glow": false,
			"armor_model_scale": 0.22,
			"name": {
				"text": "Batman Boots"
			},
			"textures": {
				"normal": "treppack:textures/models/armor/batman/boots.png"

			},
			"item_texture": {
				"blockstate": "treppack:batman_suit"
			}
		}
	}
}