{
	"name": {
		"translate": "treppack.suitset.blacklightning_suit"
	},

	"armor_material": {
		"durability": 500,
		"damage_reduction_amounts": [3, 6, 8, 3],
		"enchantibility": 15,
		"toughness": 0.0,
		"sound": "item.armor.equip_generic"
	},
	
		"data": {
		"trail": {
			"red": 0,
			"green": 0,
			"blue": 1
		},
		"flicker": {
			"red": 0,
			"green": 0,
			"blue": 1
		},
		"speed_levels": 1
	},
	
	"description": {
		"translate": "treppack.suitset.blacklightning.desc"
	},

	"abilities": [{
			"ability": "lucraftcore:fire_resistance"
		},
		{
			"ability": "lucraftcore:punch",
			"factor": 5,
			"operation": 0,
			"uuid": "b2930a55-fa9d-4124-bb58-2ba3169d1495"
		},
		{
			"ability": "lucraftcore:strength",
			"factor": 3,
			"operation": 0,
			"uuid": "b2930a55-fa9d-4124-bb58-2ba3169d1495"
		},
		{
			"ability": "lucraftcore:jump_boost",
			"factor": 1,
			"operation": 0,
			"uuid": "b2930a55-fa9d-4124-bb58-2ba3169d1495"
		},
		{
			"ability": "lucraftcore:step_assist",
			"factor": 1,
			"operation": 0,
			"uuid": "b2930a55-fa9d-4124-bb58-2ba3169d1495"
		},
		{
			"ability": "lucraftcore:sprint",
			"factor": 0.1,
			"operation": 0,
			"uuid": "b2930a55-fa9d-4124-bb58-2ba3169d1495"
		},
		{
			"ability": "lucraftcore:healing",
			"frequency": 20,
			"amount": 5
		},
		{
			"ability": "speedsterheroes:lightning_throw",
			"speed": 50,
			"cooldown": 0,
			"required_superpower": "treppack:blacklightning",
			"required_level": 1,
			"key": 2
		}
	],

	"armor_parts": {

		"head": {
			"openable": true,
			"glow": false,
			"armor_model_scale": 0.5,
			"name": {
				"text": "Black Lightning Suit"
			},
			"textures": {
				"normal": "treppack:textures/models/armor/blacklightning/helmet.png",
				"normal_open": "treppack:textures/models/armor/blacklightning/helmet_open.png"
			},
			"item_texture": {
				"blockstate": "treppack:blacklightning_suit"
			}
		},

		"chest": {
			"openable": false,
			"glow": false,
			"armor_model_scale": 0.22,
			"name": {
				"text": "Black Lightning Suit"
			},
			"textures": {
				"normal": "treppack:textures/models/armor/blacklightning/chestplate.png",
				"normal_smallarms": "treppack:textures/models/armor/blacklightning/chestplate_smallarms.png"
			},
			"item_texture": {
				"blockstate": "treppack:blacklightning_suit"
			}
		},

		"legs": {
			"openable": false,
			"glow": false,
			"armor_model_scale": 0.25,
			"name": {
				"text": "Black Lightning Suit"
			},
			"textures": {
				"normal": "treppack:textures/models/armor/blacklightning/legs.png"

			},
			"item_texture": {
				"blockstate": "treppack:blacklightning_suit"
			}
		},

		"feet": {
			"openable": false,
			"glow": false,
			"armor_model_scale": 0.22,
			"name": {
				"text": "Black Lightning Suit"
			},
			"textures": {
				"normal": "treppack:textures/models/armor/blacklightning/boots.png"

			},
			"item_texture": {
				"blockstate": "treppack:blacklightning_suit"
			}
		}
	}
}