{
	"name": {
		"translate": "treppack.suitset.catwoman_suit"
	},
	"armor_material": {
		"durability": 500,
        "damage_reduction_amounts": [2, 5, 7, 2],
        "enchantibility": 15,
        "toughness": 0.0,
        "sound": "item.armor.equip_generic"
	},
	"abilities": [
        {
            "ability": "lucraftcore:punch",
            "factor": 4.5,
            "operation": 0,
            "uuid": "b2930a55-fa9d-4124-bb58-2ba3169d1495"
        },
        {
            "ability": "lucraftcore:jump_boost",
            "factor": 1.2,
            "operation": 0,
            "uuid": "b2930a55-fa9d-4124-bb58-2ba3169d1495"
        },
        {
            "ability": "lucraftcore:knockback_resistance",
            "factor": 0.5,
            "operation": 0,
            "uuid": "b2930a55-fa9d-4124-bb58-2ba3169d1495"
        },
        {
            "ability": "lucraftcore:step_assist",
            "factor": 0.5,
            "operation": 0,
            "uuid": "b2930a55-fa9d-4124-bb58-2ba3169d1495"
        },
        {
            "ability": "lucraftcore:strength",
            "factor": 4.5,
            "operation": 0,
            "uuid": "b2930a55-fa9d-4124-bb58-2ba3169d1495"
        },
        {
            "ability": "lucraftcore:sprint",
            "factor": 0.28,
            "operation": 0,
            "uuid": "b2930a55-fa9d-4124-bb58-2ba3169d1495"
        },
        {
            "ability": "lucraftcore:healing",
            "frequency": 20,
            "amount": 5
        },
		{
			"ability": "lucraftcore:fire_resistance"
		}
	],
	"armor_parts": {

		"head": {
			"openable": false,
			"glow": false,
			"armor_model_scale": 0.5,
			"name": {
				"text": "Catwoman Suit"
			},
			"textures": {
				"normal": "treppack:textures/models/armor/catwoman/helmet.png",
				"normal_open": "treppack:textures/models/armor/catwoman/helmet_open.png"
			},
			"item_texture": {
				"blockstate": "treppack:catwoman_suit"
			}
		},

		"chest": {
			"openable": false,
			"glow": false,
			"armor_model_scale": 0.22,
			"name": {
				"text": "Catwoman Suit"
			},
			"textures": {
				"normal": "treppack:textures/models/armor/catwoman/chestplate.png",
				"normal_smallarms": "treppack:textures/models/armor/catwoman/chestplate_smallarms.png"
			},
			"item_texture": {
				"blockstate": "treppack:catwoman_suit"
			}
		},

		"legs": {
			"openable": false,
			"glow": false,
			"armor_model_scale": 0.25,
			"name": {
				"text": "Catwoman Suit"
			},
			"textures": {
				"normal": "treppack:textures/models/armor/catwoman/legs.png"

			},
			"item_texture": {
				"blockstate": "treppack:catwoman_suit"
			}
		},

		"feet": {
			"openable": false,
			"glow": false,
			"armor_model_scale": 0.22,
			"name": {
				"text": "Catwoman Suit"
			},
			"textures": {
				"normal": "treppack:textures/models/armor/catwoman/boots.png"

			},
			"item_texture": {
				"blockstate": "treppack:catwoman_suit"
			}
		}
	}
}