{
	"name": {
		"translate": "treppack.suitset.gloves_suit"
	},

	"armor_material": {
		"durability": 500,
		"damage_reduction_amounts": [3, 6, 8, 3],
		"enchantibility": 15,
		"toughness": 0.0,
		"sound": "item.armor.equip_generic"
	},
	
		"data": {
		"trail": {
			"red": 0,
			"green": 0,
			"blue": 1
		},
		"flicker": {
			"red": 0,
			"green": 0,
			"blue": 1
		},
		"speed_levels": 1
	},
	
	"description": {
		"translate": "treppack.suitset.gloves.desc"
	},

	"abilities": [{
			"ability": "lucraftcore:punch",
			"factor": 5,
			"operation": 0,
			"uuid": "b2930a55-fa9d-4124-bb58-2ba3169d1495"
		},
		{
			"ability": "speedsterheroes:lightning_throw",
			"speed": 80,
			"cooldown": 15,
			"required_superpower": "treppack:blacklightning",
			"required_level": 1,
			"key": 1
		}
	],

	"armor_parts": {

		"chest": {
			"openable": false,
			"glow": false,
			"armor_model_scale": 0.22,
			"name": {
				"text": "Lightning Gloves"
			},
			"textures": {
				"normal": "treppack:textures/models/armor/gloves/chestplate.png",
				"normal_smallarms": "treppack:textures/models/armor/gloves/chestplate_smallarms.png"
			},
			"item_texture": {
				"blockstate": "treppack:gloves_suit"
			}
		}
	}
}