{
	"name": {
		"translate": "treppack.suitset.poisonivy_suit"
	},
	"armor_material": {
		"durability": 500,
        "damage_reduction_amounts": [2, 5, 7, 2],
        "enchantibility": 15,
        "toughness": 0.0,
        "sound": "item.armor.equip_generic"
	},
	"abilities": [
        {
            "ability": "lucraftcore:knockback_resistance",
            "factor": 0.25,
            "operation": 0,
            "uuid": "b2930a55-fa9d-4124-bb58-2ba3169d1495"
        },
        {
            "ability": "lucraftcore:step_assist",
            "factor": 0.6,
            "operation": 0,
            "uuid": "b2930a55-fa9d-4124-bb58-2ba3169d1495"
        },
        {
            "ability": "lucraftcore:punch",
            "factor": 4,
            "operation": 0,
            "uuid": "b2930a55-fa9d-4124-bb58-2ba3169d1495"
        },
        {
            "ability": "lucraftcore:strength",
            "factor": 4,
            "operation": 0,
            "uuid": "b2930a55-fa9d-4124-bb58-2ba3169d1495"
        },
        {
            "ability": "lucraftcore:sprint",
            "factor": 0.09,
            "operation": 0,
            "uuid": "b2930a55-fa9d-4124-bb58-2ba3169d1495"
        },
        {
            "ability": "lucraftcore:potion_punch",
            "potion": "minecraft:poison",
            "amplifier": 3,
            "duration": 120,
            "cooldown": 100,
            "required_superpower": "treppack:ivy",
            "key": 1
        }
	],
	"armor_parts": {

		"head": {
			"openable": false,
			"glow": false,
			"armor_model_scale": 0.5,
			"name": {
			"text": "Poisonivy Head"
			},
			"textures": {
				"normal": "treppack:textures/models/armor/poisonivy/helmet.png",
				"normal_open": "treppack:textures/models/armor/poisonivy/helmet_open.png"
			},
			"item_texture": {
				"blockstate": "treppack:poisonivy_suit"
			}
		},

		"chest": {
			"openable": false,
			"glow": false,
			"armor_model_scale": 0.22,
			"name": {
			"text": "Poisonivy Body"
			},
			"textures": {
				"normal": "treppack:textures/models/armor/poisonivy/chestplate.png",
				"normal_smallarms": "treppack:textures/models/armor/poisonivy/chestplate_smallarms.png"
			},
			"item_texture": {
				"blockstate": "treppack:poisonivy_suit"
			}
		},

		"legs": {
			"openable": false,
			"glow": false,
			"armor_model_scale": 0.25,
			"name": {
			"text": "Poisonivy Legs"
			},
			"textures": {
				"normal": "treppack:textures/models/armor/poisonivy/legs.png"

			},
			"item_texture": {
				"blockstate": "treppack:poisonivy_suit"
			}
		},

		"feet": {
			"openable": false,
			"glow": false,
			"armor_model_scale": 0.22,
			"name": {
			"text": "Poisonivy Feet"
			},
			"textures": {
				"normal": "treppack:textures/models/armor/poisonivy/boots.png"

			},
			"item_texture": {
				"blockstate": "treppack:poisonivy_suit"
			}
		}
	}
}