{
	"name": {
		"translate": "treppack.suitset.scarecrow_suit"
	},
	"armor_material": {
		"durability": 500,
        "damage_reduction_amounts": [2, 5, 7, 2],
        "enchantibility": 15,
        "toughness": 0.0,
        "sound": "item.armor.equip_generic"
	},
	"abilities": [
        {
            "ability": "lucraftcore:knockback_resistance",
            "factor": 0.2,
            "operation": 0,
            "uuid": "b2930a55-fa9d-4124-bb58-2ba3169d1495"
        },
        {
            "ability": "lucraftcore:step_assist",
            "factor": 0.6,
            "operation": 0,
            "uuid": "b2930a55-fa9d-4124-bb58-2ba3169d1495"
        },
        {
            "ability": "lucraftcore:strength",
            "factor": 3.8,
            "operation": 0,
            "uuid": "b2930a55-fa9d-4124-bb58-2ba3169d1495"
        },
        {
            "ability": "lucraftcore:sprint",
            "factor": 0.05,
            "operation": 0,
            "uuid": "b2930a55-fa9d-4124-bb58-2ba3169d1495"
        },
        {
            "ability": "lucraftcore:potion_punch",
            "potion": "minecraft:blindness",
            "amplifier": 1,
            "duration": 100,
            "cooldown": 100,
            "required_superpower": "treppack:fearserum",
            "key": 1
        }
	],
	"armor_parts": {

		"head": {
			"openable": true,
			"glow": false,
			"armor_model_scale": 0.5,
			"name": {
			"text": "Scarecrow Suit"
			},
			"textures": {
				"normal": "treppack:textures/models/armor/scarecrow/helmet.png",
				"normal_open": "treppack:textures/models/armor/scarecrow/helmet_open.png"
			},
			"item_texture": {
				"blockstate": "treppack:scarecrow_suit"
			}
		},

		"chest": {
			"openable": false,
			"glow": false,
			"armor_model_scale": 0.22,
			"name": {
			"text": "Scarecrow Suit"
			},
			"textures": {
				"normal": "treppack:textures/models/armor/scarecrow/chestplate.png",
				"normal_smallarms": "treppack:textures/models/armor/scarecrow/chestplate_smallarms.png"
			},
			"item_texture": {
				"blockstate": "treppack:scarecrow_suit"
			}
		},

		"legs": {
			"openable": false,
			"glow": false,
			"armor_model_scale": 0.25,
			"name": {
			"text": "Scarecrow Suit"
			},
			"textures": {
				"normal": "treppack:textures/models/armor/scarecrow/legs.png"

			},
			"item_texture": {
				"blockstate": "treppack:scarecrow_suit"
			}
		},

		"feet": {
			"openable": false,
			"glow": false,
			"armor_model_scale": 0.22,
			"name": {
			"text": "Scarecrow Suit"
			},
			"textures": {
				"normal": "treppack:textures/models/armor/scarecrow/boots.png"

			},
			"item_texture": {
				"blockstate": "treppack:scarecrow_suit"
			}
		}
	}
}