{
    "name": {
        "text": "Hyperdrive Uniform"
    },
    
	"armor_material": {
	    "durability": 10,
		"damage_reduction_amounts": [1, 2, 3, 1],
	    "enchantibility": 15,
        "toughness": 0.0,
        "sound": "item.armor.equip_generic"		
    },
	
	"abilities": [
	    {
		   "ability": "lucraftcore:fire_resistance",
		   "key":1
		},
		{
		   
		   "ability": "lucraftcore:healing",
		   "frequency": 20,
		   "amount": 5
		}

    ],
  
    "armor_parts": {

        
      
        "chest": {
            "openable": false,
            "glow": false,
            "armor_model_scale": 0.22,
            "name": {
                "text": "Hyperdrive Uniform Chest"	
      
            },
            "textures": {
                "normal": "starpack:textures/models/armour/hyperdrive_uniform/chestplate.png"

            },
            "item_texture": {
                "blockstate": "starpack:hyperdrive_uniform"
	        }
		},
		
		"legs": {
		     "openable": false,
			 "glow": false,
			 "armor_model_scale": 0.25,
			 "name": {
			     "text": "Hyperdrive Uniform Legs"
		    },
			"textures": {
			    "normal": "starpack:textures/models/armour/hyperdrive_uniform/legs.png"
			},
			"item_texture": {
			   "blockstate": "starpack:hyperdrive_uniform"
			}
		},

        "feet": {
            "openable": false,
            "glow": false,
            "armor_model_scale": 0.22,
            "name": {
                "text": "Hyperdrive Uniform Boots"
            },
            "textures":{
                "normal": "starpack:textures/models/armour/hyperdrive_uniform/boots.png"
            },
			"item_texture": {
			    "blockstate": "starpack:hyperdrive_uniform"
			}
		}	
	}		
}			