{
	"name": {
		"text": "Ban's Outfit"
	},
	
	"creative_tab": "nnt",
	
	"armor_material": {
		"durability": 5,
		"damage_reduction_amounts": [1, 3, 5, 2],
		"enchantibility": 25,
		"toughness": 0.0,
		"sound": "item.armor.equip_generic"
	},
	
	"armor_parts": {
		
		"chest": {
			"openable": false,
			"glow": false,
			"name": {
				"text": "Ban's Jacket"
			},
			"textures": {
				"normal": "nnt:textures/models/ban/jacket.png"
			},
			"item_texture": {
				"blockstate": "nnt:ban"
			},
			"description": {
				"text": "Season One"
			}
		},
		
		"legs": {
			"openable": false,
			"glow": false,
			"name": {
				"text": "Ban's Pants"
			},
			"textures": {
				"normal": "nnt:textures/models/ban/pants.png"
			},
			"item_texture": {
				"blockstate": "nnt:ban"
			}
		},
		
		"feet": {
			"openable": false,
			"glow": false,
			"name": {
				"text": "Ban's Shoes"
			},
			"textures": {
				"normal": "nnt:textures/models/ban/shoes.png"
			},
			"item_texture": {
				"blockstate": "nnt:ban"
			}
		}
	}
}