{
	"name": {
		"text": "Ban's Outfit"
	},

	"description": {
		"text": "Season Two"
	},
	
	"creative_tab": "nnt",
	
	"armor_material": {
		"durability": 5,
		"damage_reduction_amounts": [1, 3, 5, 2],
		"enchantibility": 25,
		"toughness": 0.0,
		"sound": "item.armor.equip_generic"
	},
	
	"armor_parts": {
		
		"chest": {
			"openable": false,
			"glow": false,
			"armor_model_scale": 0.7,
			"name": {
				"text": "Ban's Coat"
			},
			"textures": {
				"normal": "nnt:textures/models/ban/coat.png"
			},
			"item_texture": {
				"blockstate": "nnt:ban2"
			}
		}
	}
}