{
	"name": {
		"text": "Danafall Holy Knight Uniform"
	},
	
	"creative_tab": "nnt",
	
	"armor_material": {
		"durability": 15,
		"damage_reduction_amounts": [4, 4, 5, 2],
		"enchantibility": 9,
		"toughness": 0.0,
		"sound": "item.armor.equip_generic"
	},
	
	"armor_parts": {
		
		"chest": {
			"openable": false,
			"glow": false,
			"name": {
				"text": "Danafall Holy Knight Tunic"
			},
			"textures": {
				"normal": "nnt:textures/models/danafall/tunic.png"
			},
			"item_texture": {
				"blockstate": "nnt:danafall"
			}
		},
		
		"feet": {
			"openable": false,
			"glow": false,
			"name": {
				"text": "Danafall Holy Knight Trousers"
			},
			"textures": {
				"normal": "nnt:textures/models/danafall/trousers.png"
			},
			"item_texture": {
				"blockstate": "nnt:danafall"
			}
		}
	}
}