{
	"name": {
		"text": "Diane's Outfit"
	},

	"creative_tab": "nnt",
	
	"armor_material": {
		"durability": 5,
		"damage_reduction_amounts": [1, 3, 5, 2],
		"enchantibility": 25,
		"toughness": 0.0,
		"sound": "item.armor.equip_generic"
	},
	
	"armor_parts": {
		
		"chest": {
			"openable": false,
			"glow": false,
			"name": {
				"text": "Diane's Leotard"
			},
			"textures": {
				"normal": "nnt:textures/models/diane/top.png"
			},
			"item_texture": {
				"blockstate": "nnt:diane"
			}
		},
		
		"feet": {
			"openable": false,
			"glow": false,
			"name": {
				"text": "Diane's Shoes"
			},
			"textures": {
				"normal": "nnt:textures/models/diane/boots.png"
			},
			"item_texture": {
				"blockstate": "nnt:diane"
			}
		}
	}
}