{
	"name": {
		"text": "Boar Hat Waitress Uniform"
	},
	
	"creative_tab": "nnt",
	
	"armor_material": {
		"durability": 5,
		"damage_reduction_amounts": [1, 3, 5, 2],
		"enchantibility": 25,
		"toughness": 0.0,
		"sound": "item.armor.equip_generic"
	},
	
	"armor_parts": {
		
		"chest": {
			"openable": false,
			"glow": false,
			"name": {
				"text": "Boar Hat Waitress Top"
			},
			"textures": {
				"normal": "nnt:textures/models/elizabeth/top.png"
			},
			"item_texture": {
				"blockstate": "nnt:elizabeth"
			}
		},
		
		"legs": {
			"openable": false,
			"glow": false,
			"name": {
				"text": "Boar Hat Waitress Skirt"
			},
			"textures": {
				"normal": "nnt:textures/models/elizabeth/skirt.png"
			},
			"item_texture": {
				"blockstate": "nnt:elizabeth"
			}
		},
		
		"feet": {
			"openable": false,
			"glow": false,
			"name": {
				"text": "Boar Hat Waitress Shoes"
			},
			"textures": {
				"normal": "nnt:textures/models/elizabeth/shoes.png"
			},
			"item_texture": {
				"blockstate": "nnt:elizabeth"
			}
		}
	}
}