{
	"name": {
		"text": "Escanor's Outfit"
	},
	
	"creative_tab": "nnt",
	
	"armor_material": {
		"durability": 5,
		"damage_reduction_amounts": [1, 3, 5, 2],
		"enchantibility": 25,
		"toughness": 0.0,
		"sound": "item.armor.equip_generic"
	},
	
	"armor_parts": {

		"head": {
			"openable": false,
			"glow": false,
			"name": {
				"text": "Escanor's Glasses"
			},
			"textures": {
				"normal": "nnt:textures/models/escanor/glasses.png"
			},
			"item_texture": {
				"blockstate": "nnt:escanor"
			}
		},
		
		"chest": {
			"openable": false,
			"glow": false,
			"name": {
				"text": "Gluttony Bar Shirt"
			},
			"textures": {
				"normal": "nnt:textures/models/escanor/shirt.png"
			},
			"item_texture": {
				"blockstate": "nnt:escanor"
			}
		},
		
		"legs": {
			"openable": false,
			"glow": false,
			"name": {
				"text": "Gluttony Bar Pants"
			},
			"textures": {
				"normal": "nnt:textures/models/escanor/pants.png"
			},
			"item_texture": {
				"blockstate": "nnt:escanor"
			}
		},
		
		"feet": {
			"openable": false,
			"glow": false,
			"name": {
				"text": "Gluttony Bar Shoes"
			},
			"textures": {
				"normal": "nnt:textures/models/escanor/shoes.png"
			},
			"item_texture": {
				"blockstate": "nnt:escanor"
			}
		}
	}
}