{
	"name": {
		"text": "Gowther's Outfit"
	},
	
	"creative_tab": "nnt",
	
	"armor_material": {
		"durability": 5,
		"damage_reduction_amounts": [1, 3, 5, 2],
		"enchantibility": 25,
		"toughness": 0.0,
		"sound": "item.armor.equip_generic"
	},
	
	"armor_parts": {

		"head": {
			"openable": false,
			"glow": false,
			"name": {
				"text": "Gowther's Glasses"
			},
			"textures": {
				"normal": "nnt:textures/models/gowther/glasses.png"
			},
			"item_texture": {
				"blockstate": "nnt:gowther"
			}
		},
		
		"chest": {
			"openable": false,
			"glow": false,
			"name": {
				"text": "Gowther's Shirt"
			},
			"textures": {
				"normal": "nnt:textures/models/gowther/shirt.png"
			},
			"item_texture": {
				"blockstate": "nnt:gowther"
			}
		},
		
		"legs": {
			"openable": false,
			"glow": false,
			"name": {
				"text": "Gowther's Pants"
			},
			"textures": {
				"normal": "nnt:textures/models/gowther/pants.png"
			},
			"item_texture": {
				"blockstate": "nnt:gowther"
			}
		},
		
		"feet": {
			"openable": false,
			"glow": false,
			"name": {
				"text": "Gowther's Shoes"
			},
			"textures": {
				"normal": "nnt:textures/models/gowther/boots.png"
			},
			"item_texture": {
				"blockstate": "nnt:gowther"
			}
		}
	}
}