{
	"name": {
		"text": "King's Outfit"
	},
	
	"creative_tab": "nnt",
	
	"armor_material": {
		"durability": 5,
		"damage_reduction_amounts": [1, 3, 5, 2],
		"enchantibility": 25,
		"toughness": 0.0,
		"sound": "item.armor.equip_generic"
	},
	
	"armor_parts": {
		
		"chest": {
			"openable": false,
			"glow": false,
			"name": {
				"text": "King's Jacket"
			},
			"textures": {
				"normal": "nnt:textures/models/king/jacket.png"
			},
			"item_texture": {
				"blockstate": "nnt:king"
			}
		},
		
		"legs": {
			"openable": false,
			"glow": false,
			"name": {
				"text": "King's Pants"
			},
			"textures": {
				"normal": "nnt:textures/models/king/pants.png"
			},
			"item_texture": {
				"blockstate": "nnt:king"
			}
		},
		
		"feet": {
			"openable": false,
			"glow": false,
			"name": {
				"text": "King's Shoes"
			},
			"textures": {
				"normal": "nnt:textures/models/king/boots.png"
			},
			"item_texture": {
				"blockstate": "nnt:king"
			}
		}
	}
}