{
	"name": {
		"text": "Meliodas's Armor"
	},
	
	"creative_tab": "nnt",
	
	"armor_material": {
		"durability": 15,
		"damage_reduction_amounts": [2, 5, 6, 2],
		"enchantibility": 9,
		"toughness": 0.0,
		"sound": "item.armor.equip_generic"
	},
	
	"armor_parts": {

		"head": {
			"openable": false,
			"glow": false,
			"name": {
				"text": "Meliodas's Helmet"
			},
			"textures": {
				"normal": "nnt:textures/models/meliodas/armor/head.png"
			},
			"item_texture": {
				"blockstate": "nnt:meliodas_armor"
			}
		},
		
		"chest": {
			"openable": false,
			"glow": false,
			"name": {
				"text": "Meliodas's Chestplate"
			},
			"textures": {
				"normal": "nnt:textures/models/meliodas/armor/chest.png",
				"normal_smallarms": "nnt:textures/models/meliodas/armor/chest.png"
			},
			"item_texture": {
				"blockstate": "nnt:meliodas_armor"
			}
		},
		
		"legs": {
			"openable": false,
			"glow": false,
			"name": {
				"text": "Meliodas's Leggings"
			},
			"textures": {
				"normal": "nnt:textures/models/meliodas/armor/legs.png"
			},
			"item_texture": {
				"blockstate": "nnt:meliodas_armor"
			}
		},
		
		"feet": {
			"openable": false,
			"glow": false,
			"name": {
				"text": "Meliodas's Boots"
			},
			"textures": {
				"normal": "nnt:textures/models/meliodas/armor/feet.png"
			},
			"item_texture": {
				"blockstate": "nnt:meliodas_armor"
			}
		}
	}
}