{
	"name": {
		"text": "Meliodas's Outfit"
	},
	
	"creative_tab": "nnt",
	
	"armor_material": {
		"durability": 5,
		"damage_reduction_amounts": [1, 3, 5, 2],
		"enchantibility": 25,
		"toughness": 0.0,
		"sound": "item.armor.equip_generic"
	},
	
	"armor_parts": {
		
		"chest": {
			"openable": false,
			"glow": false,
			"name": {
				"text": "Meliodas's Shirt"
			},
			"textures": {
				"normal": "nnt:textures/models/meliodas/shirt.png"
			},
			"item_texture": {
				"blockstate": "nnt:meliodas"
			},
			"description": {
				"text": "Season One"
			}
		},
		
		"legs": {
			"openable": false,
			"glow": false,
			"name": {
				"text": "Meliodas's Pants"
			},
			"textures": {
				"normal": "nnt:textures/models/meliodas/pants.png"
			},
			"item_texture": {
				"blockstate": "nnt:meliodas"
			},
			"description": {
				"text": "Season One"
			}
		},
		
		"feet": {
			"openable": false,
			"glow": false,
			"name": {
				"text": "Meliodas's Shoes"
			},
			"textures": {
				"normal": "nnt:textures/models/meliodas/boots.png"
			},
			"item_texture": {
				"blockstate": "nnt:meliodas"
			}
		}
	}
}