{
	"parent": "heroesexpansion:black_panther",
	
	"name": {
		"text": "Merlin's Outfit"
	},
	
	"creative_tab": "nnt",
	
	"armor_material": {
		"durability": 99,
		"damage_reduction_amounts": [3, 6, 8, 3],
		"enchantibility": 40,
		"toughness": 0,
		"sound": "item.armor.equip_diamond"
	},
	
	"data": {
		"spider_sense": true,
		"transition_color_1": {
			"red": 50,
			"green": 1,
			"blue": 50
		},
		"transition_color_2": {
			"red": 255,
			"green": 2,
			"blue": 255
		},
		"necklace_texture": "nnt:textures/models/merlin_open.png"
	},
	
	"abilities": [
		{
			"ability": "lucraftcore:flight",
			"speed": 0.4,
			"sprint_speed": 1
		},
		{
			"ability": "lucraftcore:energy_blast",
			"damage": 4,
			"color": [0.5, 0.0, 1.0]
		},
		{
			"ability": "lucraftcore:photon_blast",
			"color": [50, 0.0, 100]
		}
	],
	
	"armor_parts": {
		
		"chest": {
			"openable": true,
			"glow": false,
			"name": {
				"text": "Merlin's Outfit"
			},
			"textures": {
				"normal": "nnt:textures/models/merlin.png"
			},
			"item_texture": {
				"blockstate": "nnt:merlin"
			}
		}
	}
}